edition_name,chapter_name,count_type,percent
adventureshuckle00twaiiala-HuckFinn.json,1,sentences,46.26865671641798
adventureshuckle00twaiiala-HuckFinn.json,2,sentences,46.511627906976976
adventureshuckle00twaiiala-HuckFinn.json,3,sentences,33.3333333333332
adventureshuckle00twaiiala-HuckFinn.json,4,sentences,55.68181818181809
adventureshuckle00twaiiala-HuckFinn.json,5,sentences,34.999999999999815
adventureshuckle00twaiiala-HuckFinn.json,6,sentences,38.97058823529419
adventureshuckle00twaiiala-HuckFinn.json,7,sentences,43.07692307692295
adventureshuckle00twaiiala-HuckFinn.json,8,sentences,39.622641509433834
adventureshuckle00twaiiala-HuckFinn.json,9,sentences,49.315068493150626
adventureshuckle00twaiiala-HuckFinn.json,10,sentences,50.000000000000114
adventureshuckle00twaiiala-HuckFinn.json,11,sentences,37.209302325581525
adventureshuckle00twaiiala-HuckFinn.json,12,sentences,34.02777777777793
adventureshuckle00twaiiala-HuckFinn.json,13,sentences,29.0
adventureshuckle00twaiiala-HuckFinn.json,14,sentences,26.53061224489805
adventureshuckle00twaiiala-HuckFinn.json,15,sentences,34.745762711864444
adventureshuckle00twaiiala-HuckFinn.json,16,sentences,17.256637168142532
adventureshuckle00twaiiala-HuckFinn.json,17,sentences,35.76158940397365
adventureshuckle00twaiiala-HuckFinn.json,18,sentences,32.075471698113034
adventureshuckle00twaiiala-HuckFinn.json,19,sentences,18.96551724137953
adventureshuckle00twaiiala-HuckFinn.json,20,sentences,22.5563909774435
adventureshuckle00twaiiala-HuckFinn.json,21,sentences,25.1968503937006
adventureshuckle00twaiiala-HuckFinn.json,22,sentences,20.987654320987563
adventureshuckle00twaiiala-HuckFinn.json,23,sentences,34.61538461538484
adventureshuckle00twaiiala-HuckFinn.json,24,sentences,32.0
adventureshuckle00twaiiala-HuckFinn.json,25,sentences,17.11711711711687
adventureshuckle00twaiiala-HuckFinn.json,26,sentences,23.456790123457083
adventureshuckle00twaiiala-HuckFinn.json,27,sentences,20.192307692307566
adventureshuckle00twaiiala-HuckFinn.json,28,sentences,15.09433962264124
adventureshuckle00twaiiala-HuckFinn.json,29,sentences,23.026315789473557
adventureshuckle00twaiiala-HuckFinn.json,30,sentences,5.6603773584905355
adventureshuckle00twaiiala-HuckFinn.json,31,sentences,31.481481481481786
adventureshuckle00twaiiala-HuckFinn.json,32,sentences,22.330097087378782
adventureshuckle00twaiiala-HuckFinn.json,33,sentences,21.53846153846144
adventureshuckle00twaiiala-HuckFinn.json,34,sentences,25.454545454545638
adventureshuckle00twaiiala-HuckFinn.json,35,sentences,21.36150234741818
adventureshuckle00twaiiala-HuckFinn.json,36,sentences,27.777777777777587
adventureshuckle00twaiiala-HuckFinn.json,37,sentences,14.942528735632123
adventureshuckle00twaiiala-HuckFinn.json,38,sentences,31.20000000000024
adventureshuckle00twaiiala-HuckFinn.json,39,sentences,32.92682926829272
adventureshuckle00twaiiala-HuckFinn.json,40,sentences,7.8947368421053365
adventureshuckle00twaiiala-HuckFinn.json,41,sentences,12.631578947368304
adventureshuckle00twaiiala-HuckFinn.json,42,sentences,26.9565217391307
adventureshuckle00twaiiala-HuckFinn.json,43,sentences,9.523809523809557
adventureshuckle00twaiiala-HuckFinn.json,1,words,86.82860001097846
adventureshuckle00twaiiala-HuckFinn.json,2,words,80.99090244360796
adventureshuckle00twaiiala-HuckFinn.json,3,words,81.71330682859613
adventureshuckle00twaiiala-HuckFinn.json,4,words,81.2546841734816
adventureshuckle00twaiiala-HuckFinn.json,5,words,75.42961233952663
adventureshuckle00twaiiala-HuckFinn.json,6,words,82.69862525675818
adventureshuckle00twaiiala-HuckFinn.json,7,words,84.81729828886203
adventureshuckle00twaiiala-HuckFinn.json,8,words,73.75301891645147
adventureshuckle00twaiiala-HuckFinn.json,9,words,85.50338209847457
adventureshuckle00twaiiala-HuckFinn.json,10,words,86.95841786805997
adventureshuckle00twaiiala-HuckFinn.json,11,words,76.79677369593352
adventureshuckle00twaiiala-HuckFinn.json,12,words,77.86176751402397
adventureshuckle00twaiiala-HuckFinn.json,13,words,75.18595452510188
adventureshuckle00twaiiala-HuckFinn.json,14,words,66.90331090885104
adventureshuckle00twaiiala-HuckFinn.json,15,words,79.51593860684675
adventureshuckle00twaiiala-HuckFinn.json,16,words,29.232630336099753
adventureshuckle00twaiiala-HuckFinn.json,17,words,78.00923546876662
adventureshuckle00twaiiala-HuckFinn.json,18,words,74.71737800318705
adventureshuckle00twaiiala-HuckFinn.json,19,words,74.54246846349322
adventureshuckle00twaiiala-HuckFinn.json,20,words,76.54576000592239
adventureshuckle00twaiiala-HuckFinn.json,21,words,77.85685563596844
adventureshuckle00twaiiala-HuckFinn.json,22,words,81.74325716305196
adventureshuckle00twaiiala-HuckFinn.json,23,words,73.10538107771048
adventureshuckle00twaiiala-HuckFinn.json,24,words,75.29272024046705
adventureshuckle00twaiiala-HuckFinn.json,25,words,77.27610065945139
adventureshuckle00twaiiala-HuckFinn.json,26,words,70.27585425975664
adventureshuckle00twaiiala-HuckFinn.json,27,words,80.24341839768971
adventureshuckle00twaiiala-HuckFinn.json,28,words,68.48237905127162
adventureshuckle00twaiiala-HuckFinn.json,29,words,75.56511266390565
adventureshuckle00twaiiala-HuckFinn.json,30,words,70.22742040285816
adventureshuckle00twaiiala-HuckFinn.json,31,words,77.22084246953209
adventureshuckle00twaiiala-HuckFinn.json,32,words,73.10042138201813
adventureshuckle00twaiiala-HuckFinn.json,33,words,72.27834899586576
adventureshuckle00twaiiala-HuckFinn.json,34,words,72.4898952339789
adventureshuckle00twaiiala-HuckFinn.json,35,words,73.08740942029135
adventureshuckle00twaiiala-HuckFinn.json,36,words,76.45504982360792
adventureshuckle00twaiiala-HuckFinn.json,37,words,77.40162124178102
adventureshuckle00twaiiala-HuckFinn.json,38,words,72.81710430342814
adventureshuckle00twaiiala-HuckFinn.json,39,words,78.65659427132606
adventureshuckle00twaiiala-HuckFinn.json,40,words,76.85599985251555
adventureshuckle00twaiiala-HuckFinn.json,41,words,71.23656273402312
adventureshuckle00twaiiala-HuckFinn.json,42,words,76.97335244542539
adventureshuckle00twaiiala-HuckFinn.json,43,words,77.28395061728368
adventuresofhuc00twai-HuckFinn.json,1,sentences,47.76119402985081
adventuresofhuc00twai-HuckFinn.json,2,sentences,50.387596899225045
adventuresofhuc00twai-HuckFinn.json,3,sentences,33.3333333333332
adventuresofhuc00twai-HuckFinn.json,4,sentences,54.545454545454454
adventuresofhuc00twai-HuckFinn.json,5,sentences,42.22222222222206
adventuresofhuc00twai-HuckFinn.json,6,sentences,42.64705882352948
adventuresofhuc00twai-HuckFinn.json,7,sentences,54.61538461538445
adventuresofhuc00twai-HuckFinn.json,8,sentences,43.77358490566026
adventuresofhuc00twai-HuckFinn.json,9,sentences,49.315068493150626
adventuresofhuc00twai-HuckFinn.json,10,sentences,56.94444444444454
adventuresofhuc00twai-HuckFinn.json,11,sentences,42.441860465116434
adventuresofhuc00twai-HuckFinn.json,12,sentences,32.63888888888904
adventuresofhuc00twai-HuckFinn.json,13,sentences,36.0
adventuresofhuc00twai-HuckFinn.json,14,sentences,31.12244897959192
adventuresofhuc00twai-HuckFinn.json,15,sentences,27.11864406779665
adventuresofhuc00twai-HuckFinn.json,16,sentences,22.78761061946998
adventuresofhuc00twai-HuckFinn.json,17,sentences,33.77483443708623
adventuresofhuc00twai-HuckFinn.json,18,sentences,38.207547169811114
adventuresofhuc00twai-HuckFinn.json,19,sentences,24.137931034482982
adventuresofhuc00twai-HuckFinn.json,20,sentences,35.33834586466156
adventuresofhuc00twai-HuckFinn.json,21,sentences,28.346456692913193
adventuresofhuc00twai-HuckFinn.json,22,sentences,39.50617283950608
adventuresofhuc00twai-HuckFinn.json,23,sentences,35.897435897436125
adventuresofhuc00twai-HuckFinn.json,24,sentences,35.0
adventuresofhuc00twai-HuckFinn.json,25,sentences,24.324324324324074
adventuresofhuc00twai-HuckFinn.json,26,sentences,31.481481481481786
adventuresofhuc00twai-HuckFinn.json,27,sentences,26.923076923076785
adventuresofhuc00twai-HuckFinn.json,28,sentences,20.7547169811318
adventuresofhuc00twai-HuckFinn.json,29,sentences,34.868421052631454
adventuresofhuc00twai-HuckFinn.json,30,sentences,11.320754716981103
adventuresofhuc00twai-HuckFinn.json,31,sentences,43.2098765432102
adventuresofhuc00twai-HuckFinn.json,32,sentences,28.155339805825392
adventuresofhuc00twai-HuckFinn.json,33,sentences,28.46153846153837
adventuresofhuc00twai-HuckFinn.json,34,sentences,34.54545454545473
adventuresofhuc00twai-HuckFinn.json,35,sentences,37.79342723004727
adventuresofhuc00twai-HuckFinn.json,36,sentences,41.111111111110944
adventuresofhuc00twai-HuckFinn.json,37,sentences,27.586206896551673
adventuresofhuc00twai-HuckFinn.json,38,sentences,32.80000000000024
adventuresofhuc00twai-HuckFinn.json,39,sentences,46.34146341463418
adventuresofhuc00twai-HuckFinn.json,40,sentences,30.263157894736935
adventuresofhuc00twai-HuckFinn.json,41,sentences,29.473684210526216
adventuresofhuc00twai-HuckFinn.json,42,sentences,31.304347826087223
adventuresofhuc00twai-HuckFinn.json,43,sentences,19.047619047619083
adventuresofhuc00twai-HuckFinn.json,1,words,85.85931031021838
adventuresofhuc00twai-HuckFinn.json,2,words,80.62075350328941
adventuresofhuc00twai-HuckFinn.json,3,words,81.00096140099768
adventuresofhuc00twai-HuckFinn.json,4,words,78.99855138685041
adventuresofhuc00twai-HuckFinn.json,5,words,78.38848750270498
adventuresofhuc00twai-HuckFinn.json,6,words,83.6463825049107
adventuresofhuc00twai-HuckFinn.json,7,words,83.79281636723368
adventuresofhuc00twai-HuckFinn.json,8,words,73.4346984261736
adventuresofhuc00twai-HuckFinn.json,9,words,83.56409183863221
adventuresofhuc00twai-HuckFinn.json,10,words,88.68101622598046
adventuresofhuc00twai-HuckFinn.json,11,words,76.42750375285095
adventuresofhuc00twai-HuckFinn.json,12,words,77.19005365304102
adventuresofhuc00twai-HuckFinn.json,13,words,73.65276996872588
adventuresofhuc00twai-HuckFinn.json,14,words,67.71724766461607
adventuresofhuc00twai-HuckFinn.json,15,words,78.62905443145549
adventuresofhuc00twai-HuckFinn.json,16,words,29.791822507713015
adventuresofhuc00twai-HuckFinn.json,17,words,77.98823372069987
adventuresofhuc00twai-HuckFinn.json,18,words,74.88085101581777
adventuresofhuc00twai-HuckFinn.json,19,words,74.72632984627357
adventuresofhuc00twai-HuckFinn.json,20,words,78.64607417793877
adventuresofhuc00twai-HuckFinn.json,21,words,76.35334462666704
adventuresofhuc00twai-HuckFinn.json,22,words,82.80586225804167
adventuresofhuc00twai-HuckFinn.json,23,words,74.81287398647449
adventuresofhuc00twai-HuckFinn.json,24,words,77.540817931601
adventuresofhuc00twai-HuckFinn.json,25,words,78.48432627060772
adventuresofhuc00twai-HuckFinn.json,26,words,70.9057098166746
adventuresofhuc00twai-HuckFinn.json,27,words,80.80182670901111
adventuresofhuc00twai-HuckFinn.json,28,words,70.09767772495846
adventuresofhuc00twai-HuckFinn.json,29,words,76.07754222887154
adventuresofhuc00twai-HuckFinn.json,30,words,71.24122033478679
adventuresofhuc00twai-HuckFinn.json,31,words,79.02743119399331
adventuresofhuc00twai-HuckFinn.json,32,words,75.00966513161659
adventuresofhuc00twai-HuckFinn.json,33,words,72.63964928801155
adventuresofhuc00twai-HuckFinn.json,34,words,73.72220889415286
adventuresofhuc00twai-HuckFinn.json,35,words,75.03752587991856
adventuresofhuc00twai-HuckFinn.json,36,words,77.96529481357743
adventuresofhuc00twai-HuckFinn.json,37,words,77.69220590181304
adventuresofhuc00twai-HuckFinn.json,38,words,73.40418527282985
adventuresofhuc00twai-HuckFinn.json,39,words,78.81318311571403
adventuresofhuc00twai-HuckFinn.json,40,words,77.96034906413206
adventuresofhuc00twai-HuckFinn.json,41,words,71.85346095180324
adventuresofhuc00twai-HuckFinn.json,42,words,77.75750532321099
adventuresofhuc00twai-HuckFinn.json,43,words,77.22451705395149
adventuresofhuck00twai_9-HuckFinn.json,1,sentences,47.76119402985081
adventuresofhuck00twai_9-HuckFinn.json,2,sentences,42.63565891472891
adventuresofhuck00twai_9-HuckFinn.json,3,sentences,33.3333333333332
adventuresofhuck00twai_9-HuckFinn.json,4,sentences,49.99999999999992
adventuresofhuck00twai_9-HuckFinn.json,5,sentences,32.22222222222203
adventuresofhuck00twai_9-HuckFinn.json,6,sentences,43.382352941176535
adventuresofhuck00twai_9-HuckFinn.json,7,sentences,46.923076923076785
adventuresofhuck00twai_9-HuckFinn.json,8,sentences,41.509433962264026
adventuresofhuck00twai_9-HuckFinn.json,9,sentences,53.424657534246506
adventuresofhuck00twai_9-HuckFinn.json,10,sentences,58.33333333333343
adventuresofhuck00twai_9-HuckFinn.json,11,sentences,43.02325581395365
adventuresofhuck00twai_9-HuckFinn.json,12,sentences,31.250000000000156
adventuresofhuck00twai_9-HuckFinn.json,13,sentences,40.0
adventuresofhuck00twai_9-HuckFinn.json,14,sentences,31.12244897959192
adventuresofhuck00twai_9-HuckFinn.json,15,sentences,31.35593220338987
adventuresofhuck00twai_9-HuckFinn.json,16,sentences,19.911504424779707
adventuresofhuck00twai_9-HuckFinn.json,17,sentences,35.09933774834451
adventuresofhuck00twai_9-HuckFinn.json,18,sentences,33.49056603773567
adventuresofhuck00twai_9-HuckFinn.json,19,sentences,18.96551724137953
adventuresofhuck00twai_9-HuckFinn.json,20,sentences,26.315789473684106
adventuresofhuck00twai_9-HuckFinn.json,21,sentences,24.409448818897452
adventuresofhuck00twai_9-HuckFinn.json,22,sentences,33.33333333333323
adventuresofhuck00twai_9-HuckFinn.json,23,sentences,32.90598290598314
adventuresofhuck00twai_9-HuckFinn.json,24,sentences,33.0
adventuresofhuck00twai_9-HuckFinn.json,25,sentences,18.91891891891867
adventuresofhuck00twai_9-HuckFinn.json,26,sentences,29.62962962962993
adventuresofhuck00twai_9-HuckFinn.json,27,sentences,25.961538461538325
adventuresofhuck00twai_9-HuckFinn.json,28,sentences,19.496855345911676
adventuresofhuck00twai_9-HuckFinn.json,29,sentences,30.92105263157883
adventuresofhuck00twai_9-HuckFinn.json,30,sentences,9.433962264150914
adventuresofhuck00twai_9-HuckFinn.json,31,sentences,40.74074074074106
adventuresofhuck00twai_9-HuckFinn.json,32,sentences,26.213592233009855
adventuresofhuck00twai_9-HuckFinn.json,33,sentences,26.92307692307683
adventuresofhuck00twai_9-HuckFinn.json,34,sentences,35.45454545454564
adventuresofhuck00twai_9-HuckFinn.json,35,sentences,29.812206572770293
adventuresofhuck00twai_9-HuckFinn.json,36,sentences,35.55555555555537
adventuresofhuck00twai_9-HuckFinn.json,37,sentences,31.03448275862064
adventuresofhuck00twai_9-HuckFinn.json,38,sentences,27.200000000000237
adventuresofhuck00twai_9-HuckFinn.json,39,sentences,41.463414634146375
adventuresofhuck00twai_9-HuckFinn.json,40,sentences,27.63157894736851
adventuresofhuck00twai_9-HuckFinn.json,41,sentences,29.473684210526216
adventuresofhuck00twai_9-HuckFinn.json,42,sentences,30.43478260869592
adventuresofhuck00twai_9-HuckFinn.json,43,sentences,9.523809523809557
adventuresofhuck00twai_9-HuckFinn.json,1,words,85.64057956468541
adventuresofhuck00twai_9-HuckFinn.json,2,words,79.10846479885836
adventuresofhuck00twai_9-HuckFinn.json,3,words,80.23593407859335
adventuresofhuck00twai_9-HuckFinn.json,4,words,78.1176265154576
adventuresofhuck00twai_9-HuckFinn.json,5,words,77.53152961339127
adventuresofhuck00twai_9-HuckFinn.json,6,words,82.81539176630666
adventuresofhuck00twai_9-HuckFinn.json,7,words,83.32266726875262
adventuresofhuck00twai_9-HuckFinn.json,8,words,72.61635272629232
adventuresofhuck00twai_9-HuckFinn.json,9,words,82.73721210419289
adventuresofhuck00twai_9-HuckFinn.json,10,words,88.13782740041754
adventuresofhuck00twai_9-HuckFinn.json,11,words,75.5406554014327
adventuresofhuck00twai_9-HuckFinn.json,12,words,77.04771721499891
adventuresofhuck00twai_9-HuckFinn.json,13,words,74.09885236204444
adventuresofhuck00twai_9-HuckFinn.json,14,words,66.81400074133772
adventuresofhuck00twai_9-HuckFinn.json,15,words,77.49897747536369
adventuresofhuck00twai_9-HuckFinn.json,16,words,29.161667299038537
adventuresofhuck00twai_9-HuckFinn.json,17,words,77.19909729206579
adventuresofhuck00twai_9-HuckFinn.json,18,words,74.13878581095145
adventuresofhuck00twai_9-HuckFinn.json,19,words,73.82253252287485
adventuresofhuck00twai_9-HuckFinn.json,20,words,77.16405281032225
adventuresofhuck00twai_9-HuckFinn.json,21,words,76.06626651862933
adventuresofhuck00twai_9-HuckFinn.json,22,words,81.65544287294614
adventuresofhuck00twai_9-HuckFinn.json,23,words,74.14811003554229
adventuresofhuck00twai_9-HuckFinn.json,24,words,76.7946525726713
adventuresofhuck00twai_9-HuckFinn.json,25,words,77.37698690156823
adventuresofhuck00twai_9-HuckFinn.json,26,words,69.1746837446022
adventuresofhuck00twai_9-HuckFinn.json,27,words,79.46688031712614
adventuresofhuck00twai_9-HuckFinn.json,28,words,70.85227660338373
adventuresofhuck00twai_9-HuckFinn.json,29,words,75.7468632496586
adventuresofhuck00twai_9-HuckFinn.json,30,words,69.33599430675369
adventuresofhuck00twai_9-HuckFinn.json,31,words,76.88255373877993
adventuresofhuck00twai_9-HuckFinn.json,32,words,73.65203992706748
adventuresofhuck00twai_9-HuckFinn.json,33,words,72.01243940504202
adventuresofhuck00twai_9-HuckFinn.json,34,words,71.94462083996903
adventuresofhuck00twai_9-HuckFinn.json,35,words,73.55627194167037
adventuresofhuck00twai_9-HuckFinn.json,36,words,77.58702361049805
adventuresofhuck00twai_9-HuckFinn.json,37,words,77.88082792995472
adventuresofhuck00twai_9-HuckFinn.json,38,words,72.63777626243838
adventuresofhuck00twai_9-HuckFinn.json,39,words,78.133459238276
adventuresofhuck00twai_9-HuckFinn.json,40,words,78.09344062828386
adventuresofhuck00twai_9-HuckFinn.json,41,words,71.75436706943093
adventuresofhuck00twai_9-HuckFinn.json,42,words,76.93072088907641
adventuresofhuck00twai_9-HuckFinn.json,43,words,75.79126869087857
adventuresofhuck00twaiiala-HuckFinn.json,1,sentences,46.26865671641798
adventuresofhuck00twaiiala-HuckFinn.json,2,sentences,38.75968992248084
adventuresofhuck00twaiiala-HuckFinn.json,3,sentences,29.487179487179354
adventuresofhuck00twaiiala-HuckFinn.json,4,sentences,47.727272727272656
adventuresofhuck00twaiiala-HuckFinn.json,5,sentences,28.888888888888697
adventuresofhuck00twaiiala-HuckFinn.json,6,sentences,38.97058823529419
adventuresofhuck00twaiiala-HuckFinn.json,7,sentences,42.307692307692186
adventuresofhuck00twaiiala-HuckFinn.json,8,sentences,37.3584905660376
adventuresofhuck00twaiiala-HuckFinn.json,9,sentences,41.095890410958866
adventuresofhuck00twaiiala-HuckFinn.json,10,sentences,50.000000000000114
adventuresofhuck00twaiiala-HuckFinn.json,11,sentences,35.46511627906989
adventuresofhuck00twaiiala-HuckFinn.json,12,sentences,29.166666666666828
adventuresofhuck00twaiiala-HuckFinn.json,13,sentences,27.0
adventuresofhuck00twaiiala-HuckFinn.json,14,sentences,25.00000000000009
adventuresofhuck00twaiiala-HuckFinn.json,15,sentences,29.661016949152582
adventuresofhuck00twaiiala-HuckFinn.json,16,sentences,18.141592920354924
adventuresofhuck00twaiiala-HuckFinn.json,17,sentences,30.46357615894053
adventuresofhuck00twaiiala-HuckFinn.json,18,sentences,31.132075471697938
adventuresofhuck00twaiiala-HuckFinn.json,19,sentences,17.241379310345046
adventuresofhuck00twaiiala-HuckFinn.json,20,sentences,19.548872180451013
adventuresofhuck00twaiiala-HuckFinn.json,21,sentences,22.834645669291156
adventuresofhuck00twaiiala-HuckFinn.json,22,sentences,2.469135802469049
adventuresofhuck00twaiiala-HuckFinn.json,23,sentences,0.0
adventuresofhuck00twaiiala-HuckFinn.json,24,sentences,0.0
adventuresofhuck00twaiiala-HuckFinn.json,25,sentences,0.0
adventuresofhuck00twaiiala-HuckFinn.json,26,sentences,0.0
adventuresofhuck00twaiiala-HuckFinn.json,27,sentences,0.0
adventuresofhuck00twaiiala-HuckFinn.json,28,sentences,0.0
adventuresofhuck00twaiiala-HuckFinn.json,29,sentences,0.0
adventuresofhuck00twaiiala-HuckFinn.json,30,sentences,0.0
adventuresofhuck00twaiiala-HuckFinn.json,31,sentences,0.0
adventuresofhuck00twaiiala-HuckFinn.json,32,sentences,0.0
adventuresofhuck00twaiiala-HuckFinn.json,33,sentences,0.0
adventuresofhuck00twaiiala-HuckFinn.json,34,sentences,0.0
adventuresofhuck00twaiiala-HuckFinn.json,35,sentences,0.0
adventuresofhuck00twaiiala-HuckFinn.json,36,sentences,0.0
adventuresofhuck00twaiiala-HuckFinn.json,37,sentences,0.0
adventuresofhuck00twaiiala-HuckFinn.json,38,sentences,0.0
adventuresofhuck00twaiiala-HuckFinn.json,39,sentences,0.0
adventuresofhuck00twaiiala-HuckFinn.json,40,sentences,0.0
adventuresofhuck00twaiiala-HuckFinn.json,41,sentences,0.0
adventuresofhuck00twaiiala-HuckFinn.json,42,sentences,0.0
adventuresofhuck00twaiiala-HuckFinn.json,43,sentences,0.0
adventuresofhuck00twaiiala-HuckFinn.json,1,words,83.30554546204594
adventuresofhuck00twaiiala-HuckFinn.json,2,words,78.22482668451075
adventuresofhuck00twaiiala-HuckFinn.json,3,words,77.84154933923365
adventuresofhuck00twaiiala-HuckFinn.json,4,words,78.1071041089213
adventuresofhuck00twaiiala-HuckFinn.json,5,words,73.64960203555958
adventuresofhuck00twaiiala-HuckFinn.json,6,words,81.30159322202286
adventuresofhuck00twaiiala-HuckFinn.json,7,words,81.43146351990772
adventuresofhuck00twaiiala-HuckFinn.json,8,words,72.06703733238757
adventuresofhuck00twaiiala-HuckFinn.json,9,words,80.54811624980395
adventuresofhuck00twaiiala-HuckFinn.json,10,words,84.7186925784051
adventuresofhuck00twaiiala-HuckFinn.json,11,words,74.42779034390236
adventuresofhuck00twaiiala-HuckFinn.json,12,words,74.57100603399348
adventuresofhuck00twaiiala-HuckFinn.json,13,words,70.46358027762705
adventuresofhuck00twaiiala-HuckFinn.json,14,words,64.56641604010021
adventuresofhuck00twaiiala-HuckFinn.json,15,words,76.38280415471863
adventuresofhuck00twaiiala-HuckFinn.json,16,words,28.880055867199882
adventuresofhuck00twaiiala-HuckFinn.json,17,words,76.05075813298814
adventuresofhuck00twaiiala-HuckFinn.json,18,words,72.05490544339321
adventuresofhuck00twaiiala-HuckFinn.json,19,words,71.0423456036932
adventuresofhuck00twaiiala-HuckFinn.json,20,words,73.71477848258705
adventuresofhuck00twaiiala-HuckFinn.json,21,words,73.90805725746343
adventuresofhuck00twaiiala-HuckFinn.json,22,words,10.638431093132755
adventuresofhuck00twaiiala-HuckFinn.json,23,words,0.0
adventuresofhuck00twaiiala-HuckFinn.json,24,words,0.0
adventuresofhuck00twaiiala-HuckFinn.json,25,words,0.0
adventuresofhuck00twaiiala-HuckFinn.json,26,words,0.0
adventuresofhuck00twaiiala-HuckFinn.json,27,words,0.0
adventuresofhuck00twaiiala-HuckFinn.json,28,words,0.0
adventuresofhuck00twaiiala-HuckFinn.json,29,words,0.0
adventuresofhuck00twaiiala-HuckFinn.json,30,words,0.0
adventuresofhuck00twaiiala-HuckFinn.json,31,words,0.0
adventuresofhuck00twaiiala-HuckFinn.json,32,words,0.0
adventuresofhuck00twaiiala-HuckFinn.json,33,words,0.0
adventuresofhuck00twaiiala-HuckFinn.json,34,words,0.0
adventuresofhuck00twaiiala-HuckFinn.json,35,words,0.0
adventuresofhuck00twaiiala-HuckFinn.json,36,words,0.0
adventuresofhuck00twaiiala-HuckFinn.json,37,words,0.0
adventuresofhuck00twaiiala-HuckFinn.json,38,words,0.0
adventuresofhuck00twaiiala-HuckFinn.json,39,words,0.0
adventuresofhuck00twaiiala-HuckFinn.json,40,words,0.0
adventuresofhuck00twaiiala-HuckFinn.json,41,words,0.0
adventuresofhuck00twaiiala-HuckFinn.json,42,words,0.0
adventuresofhuck00twaiiala-HuckFinn.json,43,words,0.0
adventuresofhuck00twaiuoft-HuckFinn.json,1,sentences,47.76119402985081
adventuresofhuck00twaiuoft-HuckFinn.json,2,sentences,42.63565891472891
adventuresofhuck00twaiuoft-HuckFinn.json,3,sentences,34.615384615384485
adventuresofhuck00twaiuoft-HuckFinn.json,4,sentences,56.81818181818172
adventuresofhuck00twaiuoft-HuckFinn.json,5,sentences,37.222222222222044
adventuresofhuck00twaiuoft-HuckFinn.json,6,sentences,41.17647058823536
adventuresofhuck00twaiuoft-HuckFinn.json,7,sentences,49.99999999999985
adventuresofhuck00twaiuoft-HuckFinn.json,8,sentences,42.2641509433961
adventuresofhuck00twaiuoft-HuckFinn.json,9,sentences,53.424657534246506
adventuresofhuck00twaiuoft-HuckFinn.json,10,sentences,63.88888888888897
adventuresofhuck00twaiuoft-HuckFinn.json,11,sentences,44.18604651162807
adventuresofhuck00twaiuoft-HuckFinn.json,12,sentences,33.333333333333485
adventuresofhuck00twaiuoft-HuckFinn.json,13,sentences,37.0
adventuresofhuck00twaiuoft-HuckFinn.json,14,sentences,31.12244897959192
adventuresofhuck00twaiuoft-HuckFinn.json,15,sentences,30.508474576271226
adventuresofhuck00twaiuoft-HuckFinn.json,16,sentences,20.353982300885903
adventuresofhuck00twaiuoft-HuckFinn.json,17,sentences,37.086092715231935
adventuresofhuck00twaiuoft-HuckFinn.json,18,sentences,33.018867924528124
adventuresofhuck00twaiuoft-HuckFinn.json,19,sentences,22.413793103448498
adventuresofhuck00twaiuoft-HuckFinn.json,20,sentences,28.57142857142847
adventuresofhuck00twaiuoft-HuckFinn.json,21,sentences,28.346456692913193
adventuresofhuck00twaiuoft-HuckFinn.json,22,sentences,29.629629629629527
adventuresofhuck00twaiuoft-HuckFinn.json,23,sentences,31.19658119658143
adventuresofhuck00twaiuoft-HuckFinn.json,24,sentences,33.0
adventuresofhuck00twaiuoft-HuckFinn.json,25,sentences,18.91891891891867
adventuresofhuck00twaiuoft-HuckFinn.json,26,sentences,32.716049382716356
adventuresofhuck00twaiuoft-HuckFinn.json,27,sentences,24.038461538461405
adventuresofhuck00twaiuoft-HuckFinn.json,28,sentences,18.867924528301614
adventuresofhuck00twaiuoft-HuckFinn.json,29,sentences,33.55263157894725
adventuresofhuck00twaiuoft-HuckFinn.json,30,sentences,11.320754716981103
adventuresofhuck00twaiuoft-HuckFinn.json,31,sentences,38.888888888889205
adventuresofhuck00twaiuoft-HuckFinn.json,32,sentences,1.3811174426336947e-13
adventuresofhuck00twaiuoft-HuckFinn.json,33,sentences,0.0
adventuresofhuck00twaiuoft-HuckFinn.json,34,sentences,32.72727272727292
adventuresofhuck00twaiuoft-HuckFinn.json,35,sentences,30.75117370892054
adventuresofhuck00twaiuoft-HuckFinn.json,36,sentences,39.99999999999983
adventuresofhuck00twaiuoft-HuckFinn.json,37,sentences,26.43678160919535
adventuresofhuck00twaiuoft-HuckFinn.json,38,sentences,29.60000000000024
adventuresofhuck00twaiuoft-HuckFinn.json,39,sentences,43.902439024390276
adventuresofhuck00twaiuoft-HuckFinn.json,40,sentences,27.63157894736851
adventuresofhuck00twaiuoft-HuckFinn.json,41,sentences,29.473684210526216
adventuresofhuck00twaiuoft-HuckFinn.json,42,sentences,29.565217391304614
adventuresofhuck00twaiuoft-HuckFinn.json,43,sentences,14.28571428571432
adventuresofhuck00twaiuoft-HuckFinn.json,1,words,85.44033310750734
adventuresofhuck00twaiuoft-HuckFinn.json,2,words,79.12303644737922
adventuresofhuck00twaiuoft-HuckFinn.json,3,words,80.09932205673542
adventuresofhuck00twaiuoft-HuckFinn.json,4,words,78.3107754944839
adventuresofhuck00twaiuoft-HuckFinn.json,5,words,77.82921235311419
adventuresofhuck00twaiuoft-HuckFinn.json,6,words,82.93650081598713
adventuresofhuck00twaiuoft-HuckFinn.json,7,words,83.51802384740303
adventuresofhuck00twaiuoft-HuckFinn.json,8,words,72.60858438258879
adventuresofhuck00twaiuoft-HuckFinn.json,9,words,83.0369309180988
adventuresofhuck00twaiuoft-HuckFinn.json,10,words,88.34438942352631
adventuresofhuck00twaiuoft-HuckFinn.json,11,words,76.13707687260563
adventuresofhuck00twaiuoft-HuckFinn.json,12,words,77.0160817537969
adventuresofhuck00twaiuoft-HuckFinn.json,13,words,73.45943733820732
adventuresofhuck00twaiuoft-HuckFinn.json,14,words,67.23798020469192
adventuresofhuck00twaiuoft-HuckFinn.json,15,words,77.57580442645273
adventuresofhuck00twaiuoft-HuckFinn.json,16,words,29.17872355705978
adventuresofhuck00twaiuoft-HuckFinn.json,17,words,77.33578575352497
adventuresofhuck00twaiuoft-HuckFinn.json,18,words,73.59026687455267
adventuresofhuck00twaiuoft-HuckFinn.json,19,words,73.59801673650898
adventuresofhuck00twaiuoft-HuckFinn.json,20,words,77.15279011990647
adventuresofhuck00twaiuoft-HuckFinn.json,21,words,76.0199888857427
adventuresofhuck00twaiuoft-HuckFinn.json,22,words,81.0416589859664
adventuresofhuck00twaiuoft-HuckFinn.json,23,words,74.07172180323931
adventuresofhuck00twaiuoft-HuckFinn.json,24,words,77.13974817347963
adventuresofhuck00twaiuoft-HuckFinn.json,25,words,77.43285094979139
adventuresofhuck00twaiuoft-HuckFinn.json,26,words,69.6343864050091
adventuresofhuck00twaiuoft-HuckFinn.json,27,words,79.6439118790819
adventuresofhuck00twaiuoft-HuckFinn.json,28,words,70.38107170491402
adventuresofhuck00twaiuoft-HuckFinn.json,29,words,74.87569079838993
adventuresofhuck00twaiuoft-HuckFinn.json,30,words,68.59958538321024
adventuresofhuck00twaiuoft-HuckFinn.json,31,words,77.96736059170476
adventuresofhuck00twaiuoft-HuckFinn.json,32,words,28.137758126835426
adventuresofhuck00twaiuoft-HuckFinn.json,33,words,0.0
adventuresofhuck00twaiuoft-HuckFinn.json,34,words,71.44860441690093
adventuresofhuck00twaiuoft-HuckFinn.json,35,words,73.53815599964139
adventuresofhuck00twaiuoft-HuckFinn.json,36,words,78.20423096774924
adventuresofhuck00twaiuoft-HuckFinn.json,37,words,77.97136209254128
adventuresofhuck00twaiuoft-HuckFinn.json,38,words,73.13571832766708
adventuresofhuck00twaiuoft-HuckFinn.json,39,words,78.0744412968218
adventuresofhuck00twaiuoft-HuckFinn.json,40,words,78.11666943200046
adventuresofhuck00twaiuoft-HuckFinn.json,41,words,71.3548873221251
adventuresofhuck00twaiuoft-HuckFinn.json,42,words,76.92328151993492
adventuresofhuck00twaiuoft-HuckFinn.json,43,words,75.15499138793459
adventuresofhuck1904twai-HuckFinn.json,1,sentences,1.4925373134329047
adventuresofhuck1904twai-HuckFinn.json,2,sentences,44.186046511628135
adventuresofhuck1904twai-HuckFinn.json,3,sentences,34.615384615384485
adventuresofhuck1904twai-HuckFinn.json,4,sentences,52.27272727272719
adventuresofhuck1904twai-HuckFinn.json,5,sentences,37.7777777777776
adventuresofhuck1904twai-HuckFinn.json,6,sentences,41.91176470588242
adventuresofhuck1904twai-HuckFinn.json,7,sentences,46.15384615384602
adventuresofhuck1904twai-HuckFinn.json,8,sentences,41.509433962264026
adventuresofhuck1904twai-HuckFinn.json,9,sentences,52.05479452054788
adventuresofhuck1904twai-HuckFinn.json,10,sentences,48.61111111111123
adventuresofhuck1904twai-HuckFinn.json,11,sentences,40.6976744186048
adventuresofhuck1904twai-HuckFinn.json,12,sentences,34.02777777777793
adventuresofhuck1904twai-HuckFinn.json,13,sentences,33.0
adventuresofhuck1904twai-HuckFinn.json,14,sentences,34.18367346938784
adventuresofhuck1904twai-HuckFinn.json,15,sentences,33.8983050847458
adventuresofhuck1904twai-HuckFinn.json,16,sentences,18.141592920354924
adventuresofhuck1904twai-HuckFinn.json,17,sentences,31.125827814569668
adventuresofhuck1904twai-HuckFinn.json,18,sentences,30.66037735849039
adventuresofhuck1904twai-HuckFinn.json,19,sentences,21.551724137931256
adventuresofhuck1904twai-HuckFinn.json,20,sentences,24.812030075187863
adventuresofhuck1904twai-HuckFinn.json,21,sentences,26.771653543306897
adventuresofhuck1904twai-HuckFinn.json,22,sentences,33.33333333333323
adventuresofhuck1904twai-HuckFinn.json,23,sentences,31.623931623931863
adventuresofhuck1904twai-HuckFinn.json,24,sentences,38.0
adventuresofhuck1904twai-HuckFinn.json,25,sentences,21.621621621621372
adventuresofhuck1904twai-HuckFinn.json,26,sentences,29.62962962962993
adventuresofhuck1904twai-HuckFinn.json,27,sentences,20.192307692307566
adventuresofhuck1904twai-HuckFinn.json,28,sentences,17.61006289308149
adventuresofhuck1904twai-HuckFinn.json,29,sentences,28.947368421052513
adventuresofhuck1904twai-HuckFinn.json,30,sentences,9.433962264150914
adventuresofhuck1904twai-HuckFinn.json,31,sentences,37.03703703703735
adventuresofhuck1904twai-HuckFinn.json,32,sentences,30.09708737864093
adventuresofhuck1904twai-HuckFinn.json,33,sentences,26.15384615384606
adventuresofhuck1904twai-HuckFinn.json,34,sentences,26.363636363636548
adventuresofhuck1904twai-HuckFinn.json,35,sentences,33.33333333333367
adventuresofhuck1904twai-HuckFinn.json,36,sentences,33.333333333333144
adventuresofhuck1904twai-HuckFinn.json,37,sentences,25.287356321839027
adventuresofhuck1904twai-HuckFinn.json,38,sentences,28.000000000000238
adventuresofhuck1904twai-HuckFinn.json,39,sentences,40.243902439024424
adventuresofhuck1904twai-HuckFinn.json,40,sentences,21.052631578947448
adventuresofhuck1904twai-HuckFinn.json,41,sentences,23.157894736841996
adventuresofhuck1904twai-HuckFinn.json,42,sentences,26.086956521739395
adventuresofhuck1904twai-HuckFinn.json,43,sentences,14.28571428571432
adventuresofhuck1904twai-HuckFinn.json,1,words,3.407053794652203
adventuresofhuck1904twai-HuckFinn.json,2,words,78.84891474960696
adventuresofhuck1904twai-HuckFinn.json,3,words,80.57901776015339
adventuresofhuck1904twai-HuckFinn.json,4,words,78.51950427773609
adventuresofhuck1904twai-HuckFinn.json,5,words,75.83073105594669
adventuresofhuck1904twai-HuckFinn.json,6,words,83.13699917124742
adventuresofhuck1904twai-HuckFinn.json,7,words,82.52248387807897
adventuresofhuck1904twai-HuckFinn.json,8,words,72.67702959027116
adventuresofhuck1904twai-HuckFinn.json,9,words,81.93001719650547
adventuresofhuck1904twai-HuckFinn.json,10,words,86.12964907653658
adventuresofhuck1904twai-HuckFinn.json,11,words,75.87997360289175
adventuresofhuck1904twai-HuckFinn.json,12,words,77.24262073250438
adventuresofhuck1904twai-HuckFinn.json,13,words,72.3959248456748
adventuresofhuck1904twai-HuckFinn.json,14,words,66.69423558897242
adventuresofhuck1904twai-HuckFinn.json,15,words,77.2538522984941
adventuresofhuck1904twai-HuckFinn.json,16,words,29.113919934237575
adventuresofhuck1904twai-HuckFinn.json,17,words,76.73859126031567
adventuresofhuck1904twai-HuckFinn.json,18,words,73.61362316886122
adventuresofhuck1904twai-HuckFinn.json,19,words,73.31221600832325
adventuresofhuck1904twai-HuckFinn.json,20,words,75.84594942890455
adventuresofhuck1904twai-HuckFinn.json,21,words,75.58630538540186
adventuresofhuck1904twai-HuckFinn.json,22,words,81.9186480043438
adventuresofhuck1904twai-HuckFinn.json,23,words,73.35322026696878
adventuresofhuck1904twai-HuckFinn.json,24,words,76.37960516088825
adventuresofhuck1904twai-HuckFinn.json,25,words,76.74256013056078
adventuresofhuck1904twai-HuckFinn.json,26,words,70.37680992157752
adventuresofhuck1904twai-HuckFinn.json,27,words,79.08111265500091
adventuresofhuck1904twai-HuckFinn.json,28,words,68.77396013882795
adventuresofhuck1904twai-HuckFinn.json,29,words,75.00169938750268
adventuresofhuck1904twai-HuckFinn.json,30,words,68.30099941210966
adventuresofhuck1904twai-HuckFinn.json,31,words,76.77843852442304
adventuresofhuck1904twai-HuckFinn.json,32,words,72.76549946727356
adventuresofhuck1904twai-HuckFinn.json,33,words,71.17204851717491
adventuresofhuck1904twai-HuckFinn.json,34,words,70.71848881596463
adventuresofhuck1904twai-HuckFinn.json,35,words,74.09116925171332
adventuresofhuck1904twai-HuckFinn.json,36,words,76.79030880086567
adventuresofhuck1904twai-HuckFinn.json,37,words,76.04528693043993
adventuresofhuck1904twai-HuckFinn.json,38,words,72.99012712305927
adventuresofhuck1904twai-HuckFinn.json,39,words,77.49213094114039
adventuresofhuck1904twai-HuckFinn.json,40,words,76.54199620227497
adventuresofhuck1904twai-HuckFinn.json,41,words,69.69873692009088
adventuresofhuck1904twai-HuckFinn.json,42,words,75.74886672134271
adventuresofhuck1904twai-HuckFinn.json,43,words,76.80112357500245
cihm_50160-HuckFinn.json,1,sentences,31.343283582089636
cihm_50160-HuckFinn.json,2,sentences,24.80620155038779
cihm_50160-HuckFinn.json,3,sentences,17.948717948717825
cihm_50160-HuckFinn.json,4,sentences,40.90909090909086
cihm_50160-HuckFinn.json,5,sentences,26.111111111110922
cihm_50160-HuckFinn.json,6,sentences,29.411764705882433
cihm_50160-HuckFinn.json,7,sentences,32.30769230769222
cihm_50160-HuckFinn.json,8,sentences,7.169811320754522
cihm_50160-HuckFinn.json,9,sentences,4.1095890410958695
cihm_50160-HuckFinn.json,10,sentences,22.22222222222237
cihm_50160-HuckFinn.json,11,sentences,18.604651162790823
cihm_50160-HuckFinn.json,12,sentences,19.444444444444628
cihm_50160-HuckFinn.json,13,sentences,20.0
cihm_50160-HuckFinn.json,14,sentences,18.87755102040826
cihm_50160-HuckFinn.json,15,sentences,20.338983050847503
cihm_50160-HuckFinn.json,16,sentences,13.053097345133672
cihm_50160-HuckFinn.json,17,sentences,29.801324503311392
cihm_50160-HuckFinn.json,18,sentences,25.943396226414908
cihm_50160-HuckFinn.json,19,sentences,12.931034482758836
cihm_50160-HuckFinn.json,20,sentences,10.526315789473571
cihm_50160-HuckFinn.json,21,sentences,19.685039370078563
cihm_50160-HuckFinn.json,22,sentences,17.283950617283864
cihm_50160-HuckFinn.json,23,sentences,25.641025641025877
cihm_50160-HuckFinn.json,24,sentences,26.0
cihm_50160-HuckFinn.json,25,sentences,16.21621621621597
cihm_50160-HuckFinn.json,26,sentences,20.987654320987943
cihm_50160-HuckFinn.json,27,sentences,14.423076923076803
cihm_50160-HuckFinn.json,28,sentences,12.578616352200985
cihm_50160-HuckFinn.json,29,sentences,15.789473684210389
cihm_50160-HuckFinn.json,30,sentences,5.6603773584905355
cihm_50160-HuckFinn.json,31,sentences,24.074074074074368
cihm_50160-HuckFinn.json,32,sentences,14.563106796116639
cihm_50160-HuckFinn.json,33,sentences,18.46153846153836
cihm_50160-HuckFinn.json,34,sentences,17.272727272727447
cihm_50160-HuckFinn.json,35,sentences,13.615023474178745
cihm_50160-HuckFinn.json,36,sentences,18.8888888888887
cihm_50160-HuckFinn.json,37,sentences,13.7931034482758
cihm_50160-HuckFinn.json,38,sentences,19.20000000000023
cihm_50160-HuckFinn.json,39,sentences,29.26829268292687
cihm_50160-HuckFinn.json,40,sentences,3.9473684210527047
cihm_50160-HuckFinn.json,41,sentences,7.368421052631463
cihm_50160-HuckFinn.json,42,sentences,17.39130434782635
cihm_50160-HuckFinn.json,43,sentences,4.761904761904796
cihm_50160-HuckFinn.json,1,words,74.7841683484721
cihm_50160-HuckFinn.json,2,words,74.7701002626831
cihm_50160-HuckFinn.json,3,words,59.93045371224431
cihm_50160-HuckFinn.json,4,words,78.42584535155686
cihm_50160-HuckFinn.json,5,words,73.96988829828764
cihm_50160-HuckFinn.json,6,words,78.99997013591681
cihm_50160-HuckFinn.json,7,words,78.26913797584571
cihm_50160-HuckFinn.json,8,words,43.45227908357855
cihm_50160-HuckFinn.json,9,words,37.98863687755675
cihm_50160-HuckFinn.json,10,words,76.33033470938535
cihm_50160-HuckFinn.json,11,words,56.1075048950903
cihm_50160-HuckFinn.json,12,words,71.21742749538814
cihm_50160-HuckFinn.json,13,words,72.92471590505458
cihm_50160-HuckFinn.json,14,words,65.62884345571322
cihm_50160-HuckFinn.json,15,words,76.75968673163649
cihm_50160-HuckFinn.json,16,words,28.661260256266885
cihm_50160-HuckFinn.json,17,words,77.06212083132706
cihm_50160-HuckFinn.json,18,words,73.4151373362531
cihm_50160-HuckFinn.json,19,words,66.23324859522101
cihm_50160-HuckFinn.json,20,words,71.83118784121855
cihm_50160-HuckFinn.json,21,words,73.72471351357547
cihm_50160-HuckFinn.json,22,words,79.0807809378471
cihm_50160-HuckFinn.json,23,words,72.18460839565195
cihm_50160-HuckFinn.json,24,words,74.87052074361777
cihm_50160-HuckFinn.json,25,words,74.68421599367836
cihm_50160-HuckFinn.json,26,words,68.72319897662916
cihm_50160-HuckFinn.json,27,words,78.86721617610013
cihm_50160-HuckFinn.json,28,words,67.15155133857837
cihm_50160-HuckFinn.json,29,words,71.27591037711207
cihm_50160-HuckFinn.json,30,words,66.56363952453661
cihm_50160-HuckFinn.json,31,words,75.08550393864945
cihm_50160-HuckFinn.json,32,words,68.21968454531637
cihm_50160-HuckFinn.json,33,words,69.48484970078461
cihm_50160-HuckFinn.json,34,words,71.04402777342797
cihm_50160-HuckFinn.json,35,words,70.03912727453715
cihm_50160-HuckFinn.json,36,words,74.90376667924627
cihm_50160-HuckFinn.json,37,words,75.33091278215406
cihm_50160-HuckFinn.json,38,words,67.33339810959194
cihm_50160-HuckFinn.json,39,words,77.48559458298729
cihm_50160-HuckFinn.json,40,words,65.65069289747873
cihm_50160-HuckFinn.json,41,words,69.3699253366866
cihm_50160-HuckFinn.json,42,words,74.24425493152495
cihm_50160-HuckFinn.json,43,words,64.07359358748207
dli.ernet.14052-HuckFinn.json,1,sentences,40.29850746268664
dli.ernet.14052-HuckFinn.json,2,sentences,38.75968992248084
dli.ernet.14052-HuckFinn.json,3,sentences,32.051282051281916
dli.ernet.14052-HuckFinn.json,4,sentences,53.40909090909082
dli.ernet.14052-HuckFinn.json,5,sentences,36.66666666666649
dli.ernet.14052-HuckFinn.json,6,sentences,36.76470588235301
dli.ernet.14052-HuckFinn.json,7,sentences,46.15384615384602
dli.ernet.14052-HuckFinn.json,8,sentences,32.4528301886791
dli.ernet.14052-HuckFinn.json,9,sentences,45.205479452054746
dli.ernet.14052-HuckFinn.json,10,sentences,51.388888888889
dli.ernet.14052-HuckFinn.json,11,sentences,41.86046511627922
dli.ernet.14052-HuckFinn.json,12,sentences,29.166666666666828
dli.ernet.14052-HuckFinn.json,13,sentences,31.0
dli.ernet.14052-HuckFinn.json,14,sentences,26.020408163265394
dli.ernet.14052-HuckFinn.json,15,sentences,36.44067796610173
dli.ernet.14052-HuckFinn.json,16,sentences,16.814159292036337
dli.ernet.14052-HuckFinn.json,17,sentences,28.476821192053116
dli.ernet.14052-HuckFinn.json,18,sentences,29.245283018867745
dli.ernet.14052-HuckFinn.json,19,sentences,16.379310344827804
dli.ernet.14052-HuckFinn.json,20,sentences,29.32330827067659
dli.ernet.14052-HuckFinn.json,21,sentences,28.346456692913193
dli.ernet.14052-HuckFinn.json,22,sentences,22.22222222222213
dli.ernet.14052-HuckFinn.json,23,sentences,30.769230769231008
dli.ernet.14052-HuckFinn.json,24,sentences,32.0
dli.ernet.14052-HuckFinn.json,25,sentences,24.324324324324074
dli.ernet.14052-HuckFinn.json,26,sentences,24.691358024691652
dli.ernet.14052-HuckFinn.json,27,sentences,20.192307692307566
dli.ernet.14052-HuckFinn.json,28,sentences,18.238993710691553
dli.ernet.14052-HuckFinn.json,29,sentences,25.657894736841982
dli.ernet.14052-HuckFinn.json,30,sentences,5.6603773584905355
dli.ernet.14052-HuckFinn.json,31,sentences,29.012345679012647
dli.ernet.14052-HuckFinn.json,32,sentences,23.30097087378655
dli.ernet.14052-HuckFinn.json,33,sentences,24.61538461538452
dli.ernet.14052-HuckFinn.json,34,sentences,23.636363636363818
dli.ernet.14052-HuckFinn.json,35,sentences,24.413145539906456
dli.ernet.14052-HuckFinn.json,36,sentences,31.11111111111092
dli.ernet.14052-HuckFinn.json,37,sentences,22.988505747126382
dli.ernet.14052-HuckFinn.json,38,sentences,28.80000000000024
dli.ernet.14052-HuckFinn.json,39,sentences,34.14634146341467
dli.ernet.14052-HuckFinn.json,40,sentences,18.421052631579023
dli.ernet.14052-HuckFinn.json,41,sentences,15.789473684210408
dli.ernet.14052-HuckFinn.json,42,sentences,0.0
dli.ernet.14052-HuckFinn.json,43,sentences,9.523809523809557
dli.ernet.14052-HuckFinn.json,1,words,89.35340629661253
dli.ernet.14052-HuckFinn.json,2,words,86.64258624455923
dli.ernet.14052-HuckFinn.json,3,words,85.03810645032704
dli.ernet.14052-HuckFinn.json,4,words,89.16041830633688
dli.ernet.14052-HuckFinn.json,5,words,85.53317914611318
dli.ernet.14052-HuckFinn.json,6,words,85.78583999421942
dli.ernet.14052-HuckFinn.json,7,words,89.49085948937832
dli.ernet.14052-HuckFinn.json,8,words,83.34532896879179
dli.ernet.14052-HuckFinn.json,9,words,89.33776602021148
dli.ernet.14052-HuckFinn.json,10,words,90.6774255919941
dli.ernet.14052-HuckFinn.json,11,words,85.50358986386273
dli.ernet.14052-HuckFinn.json,12,words,85.7442793007659
dli.ernet.14052-HuckFinn.json,13,words,82.3863343800289
dli.ernet.14052-HuckFinn.json,14,words,81.23415682062297
dli.ernet.14052-HuckFinn.json,15,words,87.67952972364637
dli.ernet.14052-HuckFinn.json,16,words,32.94443605122617
dli.ernet.14052-HuckFinn.json,17,words,83.01750867651424
dli.ernet.14052-HuckFinn.json,18,words,83.42193676810041
dli.ernet.14052-HuckFinn.json,19,words,83.30587970855356
dli.ernet.14052-HuckFinn.json,20,words,83.49399431816603
dli.ernet.14052-HuckFinn.json,21,words,82.73806555226004
dli.ernet.14052-HuckFinn.json,22,words,87.85096494825868
dli.ernet.14052-HuckFinn.json,23,words,83.03177313235396
dli.ernet.14052-HuckFinn.json,24,words,84.32852825246442
dli.ernet.14052-HuckFinn.json,25,words,85.2082736402792
dli.ernet.14052-HuckFinn.json,26,words,82.38106717841625
dli.ernet.14052-HuckFinn.json,27,words,85.03051582184128
dli.ernet.14052-HuckFinn.json,28,words,79.336467449334
dli.ernet.14052-HuckFinn.json,29,words,83.7572264450114
dli.ernet.14052-HuckFinn.json,30,words,80.13748013054136
dli.ernet.14052-HuckFinn.json,31,words,84.45074296798538
dli.ernet.14052-HuckFinn.json,32,words,79.09533412908289
dli.ernet.14052-HuckFinn.json,33,words,83.47001568916701
dli.ernet.14052-HuckFinn.json,34,words,82.7605808282618
dli.ernet.14052-HuckFinn.json,35,words,81.25791380625579
dli.ernet.14052-HuckFinn.json,36,words,83.94576519448103
dli.ernet.14052-HuckFinn.json,37,words,86.09826592407518
dli.ernet.14052-HuckFinn.json,38,words,83.21558820464729
dli.ernet.14052-HuckFinn.json,39,words,86.86948925842209
dli.ernet.14052-HuckFinn.json,40,words,84.70661806712441
dli.ernet.14052-HuckFinn.json,41,words,83.62517859741988
dli.ernet.14052-HuckFinn.json,42,words,0.0
dli.ernet.14052-HuckFinn.json,43,words,88.88374485596695
dli.ernet.235649-HuckFinn.json,1,sentences,0.0
dli.ernet.235649-HuckFinn.json,2,sentences,0.0
dli.ernet.235649-HuckFinn.json,3,sentences,0.0
dli.ernet.235649-HuckFinn.json,4,sentences,0.0
dli.ernet.235649-HuckFinn.json,5,sentences,0.0
dli.ernet.235649-HuckFinn.json,6,sentences,0.0
dli.ernet.235649-HuckFinn.json,7,sentences,0.0
dli.ernet.235649-HuckFinn.json,8,sentences,0.0
dli.ernet.235649-HuckFinn.json,9,sentences,0.0
dli.ernet.235649-HuckFinn.json,10,sentences,0.0
dli.ernet.235649-HuckFinn.json,11,sentences,0.0
dli.ernet.235649-HuckFinn.json,12,sentences,0.0
dli.ernet.235649-HuckFinn.json,13,sentences,0.0
dli.ernet.235649-HuckFinn.json,14,sentences,0.0
dli.ernet.235649-HuckFinn.json,15,sentences,0.0
dli.ernet.235649-HuckFinn.json,16,sentences,14.601769911505357
dli.ernet.235649-HuckFinn.json,17,sentences,33.77483443708623
dli.ernet.235649-HuckFinn.json,18,sentences,26.886792452830004
dli.ernet.235649-HuckFinn.json,19,sentences,24.137931034482982
dli.ernet.235649-HuckFinn.json,20,sentences,29.32330827067659
dli.ernet.235649-HuckFinn.json,21,sentences,26.771653543306897
dli.ernet.235649-HuckFinn.json,22,sentences,25.925925925925828
dli.ernet.235649-HuckFinn.json,23,sentences,42.307692307692506
dli.ernet.235649-HuckFinn.json,24,sentences,37.0
dli.ernet.235649-HuckFinn.json,25,sentences,17.11711711711687
dli.ernet.235649-HuckFinn.json,26,sentences,37.03703703703735
dli.ernet.235649-HuckFinn.json,27,sentences,21.153846153846025
dli.ernet.235649-HuckFinn.json,28,sentences,24.52830188679217
dli.ernet.235649-HuckFinn.json,29,sentences,38.15789473684197
dli.ernet.235649-HuckFinn.json,30,sentences,18.86792452830186
dli.ernet.235649-HuckFinn.json,31,sentences,36.419753086420066
dli.ernet.235649-HuckFinn.json,32,sentences,32.52427184466035
dli.ernet.235649-HuckFinn.json,33,sentences,26.15384615384606
dli.ernet.235649-HuckFinn.json,34,sentences,30.9090909090911
dli.ernet.235649-HuckFinn.json,35,sentences,33.09859154929612
dli.ernet.235649-HuckFinn.json,36,sentences,41.111111111110944
dli.ernet.235649-HuckFinn.json,37,sentences,24.137931034482705
dli.ernet.235649-HuckFinn.json,38,sentences,32.00000000000024
dli.ernet.235649-HuckFinn.json,39,sentences,42.682926829268325
dli.ernet.235649-HuckFinn.json,40,sentences,28.947368421052722
dli.ernet.235649-HuckFinn.json,41,sentences,29.473684210526216
dli.ernet.235649-HuckFinn.json,42,sentences,32.17391304347853
dli.ernet.235649-HuckFinn.json,43,sentences,4.761904761904796
dli.ernet.235649-HuckFinn.json,1,words,0.0
dli.ernet.235649-HuckFinn.json,2,words,0.0
dli.ernet.235649-HuckFinn.json,3,words,0.0
dli.ernet.235649-HuckFinn.json,4,words,0.0
dli.ernet.235649-HuckFinn.json,5,words,0.0
dli.ernet.235649-HuckFinn.json,6,words,0.0
dli.ernet.235649-HuckFinn.json,7,words,0.0
dli.ernet.235649-HuckFinn.json,8,words,0.0
dli.ernet.235649-HuckFinn.json,9,words,0.0
dli.ernet.235649-HuckFinn.json,10,words,0.0
dli.ernet.235649-HuckFinn.json,11,words,0.0
dli.ernet.235649-HuckFinn.json,12,words,0.0
dli.ernet.235649-HuckFinn.json,13,words,0.0
dli.ernet.235649-HuckFinn.json,14,words,0.0
dli.ernet.235649-HuckFinn.json,15,words,0.0
dli.ernet.235649-HuckFinn.json,16,words,30.831193495358402
dli.ernet.235649-HuckFinn.json,17,words,85.5389481934858
dli.ernet.235649-HuckFinn.json,18,words,83.81781438784263
dli.ernet.235649-HuckFinn.json,19,words,82.62865869542642
dli.ernet.235649-HuckFinn.json,20,words,83.0947326117986
dli.ernet.235649-HuckFinn.json,21,words,81.99077071821911
dli.ernet.235649-HuckFinn.json,22,words,86.10374048588415
dli.ernet.235649-HuckFinn.json,23,words,86.6717972659075
dli.ernet.235649-HuckFinn.json,24,words,87.45882147496042
dli.ernet.235649-HuckFinn.json,25,words,86.32081801226165
dli.ernet.235649-HuckFinn.json,26,words,85.82291813164709
dli.ernet.235649-HuckFinn.json,27,words,86.24837150653069
dli.ernet.235649-HuckFinn.json,28,words,85.6413979189747
dli.ernet.235649-HuckFinn.json,29,words,87.54194047528095
dli.ernet.235649-HuckFinn.json,30,words,84.17580968056691
dli.ernet.235649-HuckFinn.json,31,words,84.77552546836328
dli.ernet.235649-HuckFinn.json,32,words,85.28283861814145
dli.ernet.235649-HuckFinn.json,33,words,82.66101420820921
dli.ernet.235649-HuckFinn.json,34,words,85.02395072418878
dli.ernet.235649-HuckFinn.json,35,words,84.463594897035
dli.ernet.235649-HuckFinn.json,36,words,88.24574397792713
dli.ernet.235649-HuckFinn.json,37,words,86.59913326651659
dli.ernet.235649-HuckFinn.json,38,words,85.97463480834892
dli.ernet.235649-HuckFinn.json,39,words,85.70507348848223
dli.ernet.235649-HuckFinn.json,40,words,86.49935412824601
dli.ernet.235649-HuckFinn.json,41,words,83.1519258956613
dli.ernet.235649-HuckFinn.json,42,words,85.28257731381798
dli.ernet.235649-HuckFinn.json,43,words,85.55116047624307
dli.ernet.470159-HuckFinn.json,1,sentences,35.82089552238814
dli.ernet.470159-HuckFinn.json,2,sentences,35.65891472868238
dli.ernet.470159-HuckFinn.json,3,sentences,30.769230769230635
dli.ernet.470159-HuckFinn.json,4,sentences,34.09090909090906
dli.ernet.470159-HuckFinn.json,5,sentences,29.999999999999808
dli.ernet.470159-HuckFinn.json,6,sentences,37.50000000000007
dli.ernet.470159-HuckFinn.json,7,sentences,41.53846153846142
dli.ernet.470159-HuckFinn.json,8,sentences,29.81132075471683
dli.ernet.470159-HuckFinn.json,9,sentences,43.83561643835612
dli.ernet.470159-HuckFinn.json,10,sentences,44.44444444444457
dli.ernet.470159-HuckFinn.json,11,sentences,34.302325581395465
dli.ernet.470159-HuckFinn.json,12,sentences,36.111111111111256
dli.ernet.470159-HuckFinn.json,13,sentences,31.0
dli.ernet.470159-HuckFinn.json,14,sentences,19.897959183673564
dli.ernet.470159-HuckFinn.json,15,sentences,38.13559322033902
dli.ernet.470159-HuckFinn.json,16,sentences,17.47787610619563
dli.ernet.470159-HuckFinn.json,17,sentences,27.814569536423978
dli.ernet.470159-HuckFinn.json,18,sentences,31.132075471697938
dli.ernet.470159-HuckFinn.json,19,sentences,19.827586206896772
dli.ernet.470159-HuckFinn.json,20,sentences,25.563909774435984
dli.ernet.470159-HuckFinn.json,21,sentences,24.409448818897452
dli.ernet.470159-HuckFinn.json,22,sentences,20.987654320987563
dli.ernet.470159-HuckFinn.json,23,sentences,24.78632478632502
dli.ernet.470159-HuckFinn.json,24,sentences,20.0
dli.ernet.470159-HuckFinn.json,25,sentences,17.11711711711687
dli.ernet.470159-HuckFinn.json,26,sentences,29.62962962962993
dli.ernet.470159-HuckFinn.json,27,sentences,22.115384615384485
dli.ernet.470159-HuckFinn.json,28,sentences,15.09433962264124
dli.ernet.470159-HuckFinn.json,29,sentences,21.710526315789345
dli.ernet.470159-HuckFinn.json,30,sentences,16.98113207547167
dli.ernet.470159-HuckFinn.json,31,sentences,32.09876543209907
dli.ernet.470159-HuckFinn.json,32,sentences,28.155339805825392
dli.ernet.470159-HuckFinn.json,33,sentences,29.99999999999991
dli.ernet.470159-HuckFinn.json,34,sentences,24.545454545454728
dli.ernet.470159-HuckFinn.json,35,sentences,27.23004694835716
dli.ernet.470159-HuckFinn.json,36,sentences,23.333333333333144
dli.ernet.470159-HuckFinn.json,37,sentences,20.689655172413737
dli.ernet.470159-HuckFinn.json,38,sentences,31.20000000000024
dli.ernet.470159-HuckFinn.json,39,sentences,26.82926829268297
dli.ernet.470159-HuckFinn.json,40,sentences,14.47368421052639
dli.ernet.470159-HuckFinn.json,41,sentences,21.052631578947256
dli.ernet.470159-HuckFinn.json,42,sentences,25.21739130434809
dli.ernet.470159-HuckFinn.json,43,sentences,14.28571428571432
dli.ernet.470159-HuckFinn.json,1,words,88.31618379070456
dli.ernet.470159-HuckFinn.json,2,words,86.82859039782916
dli.ernet.470159-HuckFinn.json,3,words,85.80095927672598
dli.ernet.470159-HuckFinn.json,4,words,84.65553917538213
dli.ernet.470159-HuckFinn.json,5,words,84.33835480317667
dli.ernet.470159-HuckFinn.json,6,words,87.43568881614908
dli.ernet.470159-HuckFinn.json,7,words,90.41958992687415
dli.ernet.470159-HuckFinn.json,8,words,82.02447640227727
dli.ernet.470159-HuckFinn.json,9,words,89.64749676322441
dli.ernet.470159-HuckFinn.json,10,words,90.23197971001761
dli.ernet.470159-HuckFinn.json,11,words,84.36396585201312
dli.ernet.470159-HuckFinn.json,12,words,88.02371591483646
dli.ernet.470159-HuckFinn.json,13,words,81.93682506745421
dli.ernet.470159-HuckFinn.json,14,words,79.74019085172048
dli.ernet.470159-HuckFinn.json,15,words,87.71326163490247
dli.ernet.470159-HuckFinn.json,16,words,33.72603693737508
dli.ernet.470159-HuckFinn.json,17,words,85.21139640832143
dli.ernet.470159-HuckFinn.json,18,words,83.67336663155207
dli.ernet.470159-HuckFinn.json,19,words,83.35887815029099
dli.ernet.470159-HuckFinn.json,20,words,82.89520280746335
dli.ernet.470159-HuckFinn.json,21,words,82.9341278606065
dli.ernet.470159-HuckFinn.json,22,words,84.6189752154706
dli.ernet.470159-HuckFinn.json,23,words,81.18345976165212
dli.ernet.470159-HuckFinn.json,24,words,64.4387672985429
dli.ernet.470159-HuckFinn.json,25,words,85.04781219911045
dli.ernet.470159-HuckFinn.json,26,words,82.34408770307039
dli.ernet.470159-HuckFinn.json,27,words,86.10977508762275
dli.ernet.470159-HuckFinn.json,28,words,80.62332519439883
dli.ernet.470159-HuckFinn.json,29,words,83.69817673876517
dli.ernet.470159-HuckFinn.json,30,words,82.4620497581143
dli.ernet.470159-HuckFinn.json,31,words,83.89204283570633
dli.ernet.470159-HuckFinn.json,32,words,81.19427635050117
dli.ernet.470159-HuckFinn.json,33,words,84.8106828784529
dli.ernet.470159-HuckFinn.json,34,words,85.06769919856143
dli.ernet.470159-HuckFinn.json,35,words,84.84191136386255
dli.ernet.470159-HuckFinn.json,36,words,85.68173544250926
dli.ernet.470159-HuckFinn.json,37,words,87.06179253702145
dli.ernet.470159-HuckFinn.json,38,words,82.60966545575248
dli.ernet.470159-HuckFinn.json,39,words,86.87303115412884
dli.ernet.470159-HuckFinn.json,40,words,85.77168656157946
dli.ernet.470159-HuckFinn.json,41,words,82.73080179641154
dli.ernet.470159-HuckFinn.json,42,words,82.73720163236236
dli.ernet.470159-HuckFinn.json,43,words,89.12257495590818
edition_name,chapter_name,count_type,count
2011-05-03-HuckFinn.json,1,sentences,58.20895522388065
2011-05-03-HuckFinn.json,2,sentences,58.13953488372118
2011-05-03-HuckFinn.json,3,sentences,43.58974358974348
2011-05-03-HuckFinn.json,4,sentences,64.77272727272715
2011-05-03-HuckFinn.json,5,sentences,57.77777777777766
2011-05-03-HuckFinn.json,6,sentences,55.88235294117652
2011-05-03-HuckFinn.json,7,sentences,67.69230769230751
2011-05-03-HuckFinn.json,8,sentences,49.433962264150836
2011-05-03-HuckFinn.json,9,sentences,63.01369863013689
2011-05-03-HuckFinn.json,10,sentences,70.8333333333334
2011-05-03-HuckFinn.json,11,sentences,48.255813953488556
2011-05-03-HuckFinn.json,12,sentences,44.44444444444457
2011-05-03-HuckFinn.json,13,sentences,53.0
2011-05-03-HuckFinn.json,14,sentences,37.24489795918377
2011-05-03-HuckFinn.json,15,sentences,38.13559322033902
2011-05-03-HuckFinn.json,16,sentences,26.769911504425743
2011-05-03-HuckFinn.json,17,sentences,44.37086092715249
2011-05-03-HuckFinn.json,18,sentences,52.35849056603745
2011-05-03-HuckFinn.json,19,sentences,37.068965517241594
2011-05-03-HuckFinn.json,20,sentences,46.61654135338338
2011-05-03-HuckFinn.json,21,sentences,34.64566929133838
2011-05-03-HuckFinn.json,22,sentences,41.97530864197522
2011-05-03-HuckFinn.json,23,sentences,41.88034188034209
2011-05-03-HuckFinn.json,24,sentences,46.0
2011-05-03-HuckFinn.json,25,sentences,31.53153153153128
2011-05-03-HuckFinn.json,26,sentences,37.654320987654636
2011-05-03-HuckFinn.json,27,sentences,40.38461538461522
2011-05-03-HuckFinn.json,28,sentences,25.786163522012295
2011-05-03-HuckFinn.json,29,sentences,45.3947368421051
2011-05-03-HuckFinn.json,30,sentences,15.094339622641481
2011-05-03-HuckFinn.json,31,sentences,49.38271604938305
2011-05-03-HuckFinn.json,32,sentences,39.80582524271858
2011-05-03-HuckFinn.json,33,sentences,41.53846153846142
2011-05-03-HuckFinn.json,34,sentences,41.81818181818198
2011-05-03-HuckFinn.json,35,sentences,42.72300469483598
2011-05-03-HuckFinn.json,36,sentences,47.77777777777763
2011-05-03-HuckFinn.json,37,sentences,36.781609195402254
2011-05-03-HuckFinn.json,38,sentences,36.800000000000225
2011-05-03-HuckFinn.json,39,sentences,53.65853658536588
2011-05-03-HuckFinn.json,40,sentences,32.89473684210536
2011-05-03-HuckFinn.json,41,sentences,37.894736842105175
2011-05-03-HuckFinn.json,42,sentences,37.391304347826356
2011-05-03-HuckFinn.json,43,sentences,23.809523809523846
2011-05-03-HuckFinn.json,1,words,86.76715944973724
2011-05-03-HuckFinn.json,2,words,80.54553756983663
2011-05-03-HuckFinn.json,3,words,81.07430048641615
2011-05-03-HuckFinn.json,4,words,79.43615970574125
2011-05-03-HuckFinn.json,5,words,78.33756177566138
2011-05-03-HuckFinn.json,6,words,84.3486407720938
2011-05-03-HuckFinn.json,7,words,84.13331512597888
2011-05-03-HuckFinn.json,8,words,73.47353703928287
2011-05-03-HuckFinn.json,9,words,83.32273853195444
2011-05-03-HuckFinn.json,10,words,88.96026036313826
2011-05-03-HuckFinn.json,11,words,76.53504400806449
2011-05-03-HuckFinn.json,12,words,77.53191943151448
2011-05-03-HuckFinn.json,13,words,75.68059557695342
2011-05-03-HuckFinn.json,14,words,67.71929824561401
2011-05-03-HuckFinn.json,15,words,78.81576080845463
2011-05-03-HuckFinn.json,16,words,29.613915536170616
2011-05-03-HuckFinn.json,17,words,78.10774922644941
2011-05-03-HuckFinn.json,18,words,75.37923962271194
2011-05-03-HuckFinn.json,19,words,75.03959435842928
2011-05-03-HuckFinn.json,20,words,78.59933626082938
2011-05-03-HuckFinn.json,21,words,76.29066487093664
2011-05-03-HuckFinn.json,22,words,83.53858165279603
2011-05-03-HuckFinn.json,23,words,75.34093608933236
2011-05-03-HuckFinn.json,24,words,77.69853021429154
2011-05-03-HuckFinn.json,25,words,78.61744440875971
2011-05-03-HuckFinn.json,26,words,70.43384466793674
2011-05-03-HuckFinn.json,27,words,80.48579290133551
2011-05-03-HuckFinn.json,28,words,70.18327899565193
2011-05-03-HuckFinn.json,29,words,76.47179645931908
2011-05-03-HuckFinn.json,30,words,70.0716296915119
2011-05-03-HuckFinn.json,31,words,78.69986739682118
2011-05-03-HuckFinn.json,32,words,75.58397125676753
2011-05-03-HuckFinn.json,33,words,73.17691720075359
2011-05-03-HuckFinn.json,34,words,74.04867517806598
2011-05-03-HuckFinn.json,35,words,75.33529475863709
2011-05-03-HuckFinn.json,36,words,78.30310385023557
2011-05-03-HuckFinn.json,37,words,77.69115830797068
2011-05-03-HuckFinn.json,38,words,73.62203827836467
2011-05-03-HuckFinn.json,39,words,79.35614817709266
2011-05-03-HuckFinn.json,40,words,77.87531505052661
2011-05-03-HuckFinn.json,41,words,72.16911560467952
2011-05-03-HuckFinn.json,42,words,77.78388126834903
2011-05-03-HuckFinn.json,43,words,77.07019606629717
2016-08-17-HuckFinn.json,1,sentences,58.20895522388065
2016-08-17-HuckFinn.json,2,sentences,62.01550387596925
2016-08-17-HuckFinn.json,3,sentences,49.9999999999999
2016-08-17-HuckFinn.json,4,sentences,68.18181818181807
2016-08-17-HuckFinn.json,5,sentences,62.222222222222115
2016-08-17-HuckFinn.json,6,sentences,55.14705882352946
2016-08-17-HuckFinn.json,7,sentences,66.92307692307674
2016-08-17-HuckFinn.json,8,sentences,53.9622641509433
2016-08-17-HuckFinn.json,9,sentences,65.75342465753415
2016-08-17-HuckFinn.json,10,sentences,75.00000000000006
2016-08-17-HuckFinn.json,11,sentences,56.97674418604674
2016-08-17-HuckFinn.json,12,sentences,46.5277777777779
2016-08-17-HuckFinn.json,13,sentences,57.0
2016-08-17-HuckFinn.json,14,sentences,40.30612244897969
2016-08-17-HuckFinn.json,15,sentences,44.91525423728817
2016-08-17-HuckFinn.json,16,sentences,29.646017699116015
2016-08-17-HuckFinn.json,17,sentences,45.695364238410775
2016-08-17-HuckFinn.json,18,sentences,54.24528301886763
2016-08-17-HuckFinn.json,19,sentences,41.379310344827786
2016-08-17-HuckFinn.json,20,sentences,48.87218045112775
2016-08-17-HuckFinn.json,21,sentences,39.37007874015727
2016-08-17-HuckFinn.json,22,sentences,44.44444444444436
2016-08-17-HuckFinn.json,23,sentences,48.7179487179489
2016-08-17-HuckFinn.json,24,sentences,53.0
2016-08-17-HuckFinn.json,25,sentences,31.53153153153128
2016-08-17-HuckFinn.json,26,sentences,45.67901234567934
2016-08-17-HuckFinn.json,27,sentences,41.34615384615368
2016-08-17-HuckFinn.json,28,sentences,32.704402515722975
2016-08-17-HuckFinn.json,29,sentences,48.68421052631561
2016-08-17-HuckFinn.json,30,sentences,22.641509433962238
2016-08-17-HuckFinn.json,31,sentences,53.08641975308676
2016-08-17-HuckFinn.json,32,sentences,46.60194174757294
2016-08-17-HuckFinn.json,33,sentences,46.15384615384602
2016-08-17-HuckFinn.json,34,sentences,45.45454545454561
2016-08-17-HuckFinn.json,35,sentences,43.42723004694865
2016-08-17-HuckFinn.json,36,sentences,52.222222222222086
2016-08-17-HuckFinn.json,37,sentences,37.93103448275858
2016-08-17-HuckFinn.json,38,sentences,46.40000000000019
2016-08-17-HuckFinn.json,39,sentences,56.09756097560978
2016-08-17-HuckFinn.json,40,sentences,36.842105263158
2016-08-17-HuckFinn.json,41,sentences,42.105263157894655
2016-08-17-HuckFinn.json,42,sentences,43.47826086956549
2016-08-17-HuckFinn.json,43,sentences,23.809523809523846
2016-08-17-HuckFinn.json,1,words,87.1368452168352
2016-08-17-HuckFinn.json,2,words,84.81805489085292
2016-08-17-HuckFinn.json,3,words,84.1890545847767
2016-08-17-HuckFinn.json,4,words,82.84036705804014
2016-08-17-HuckFinn.json,5,words,82.20154941090088
2016-08-17-HuckFinn.json,6,words,84.5613590882604
2016-08-17-HuckFinn.json,7,words,85.55511607384621
2016-08-17-HuckFinn.json,8,words,77.8595019515637
2016-08-17-HuckFinn.json,9,words,84.70310663011391
2016-08-17-HuckFinn.json,10,words,89.49982870846199
2016-08-17-HuckFinn.json,11,words,83.59269808361084
2016-08-17-HuckFinn.json,12,words,80.9153780781309
2016-08-17-HuckFinn.json,13,words,81.58511819001848
2016-08-17-HuckFinn.json,14,words,75.53884711779448
2016-08-17-HuckFinn.json,15,words,82.35767344127652
2016-08-17-HuckFinn.json,16,words,32.07949843013664
2016-08-17-HuckFinn.json,17,words,84.3127851976728
2016-08-17-HuckFinn.json,18,words,79.37337990299024
2016-08-17-HuckFinn.json,19,words,79.69603956001953
2016-08-17-HuckFinn.json,20,words,81.85666525105734
2016-08-17-HuckFinn.json,21,words,80.30611247934911
2016-08-17-HuckFinn.json,22,words,83.6963424590889
2016-08-17-HuckFinn.json,23,words,79.33301672288167
2016-08-17-HuckFinn.json,24,words,83.35685447979776
2016-08-17-HuckFinn.json,25,words,81.86481785670627
2016-08-17-HuckFinn.json,26,words,79.58877424540185
2016-08-17-HuckFinn.json,27,words,84.19534606004109
2016-08-17-HuckFinn.json,28,words,78.19585521516412
2016-08-17-HuckFinn.json,29,words,82.19542687632676
2016-08-17-HuckFinn.json,30,words,76.89424177728208
2016-08-17-HuckFinn.json,31,words,83.32464924673423
2016-08-17-HuckFinn.json,32,words,80.57288478226636
2016-08-17-HuckFinn.json,33,words,79.54434935106659
2016-08-17-HuckFinn.json,34,words,81.61368699839714
2016-08-17-HuckFinn.json,35,words,83.59616432385401
2016-08-17-HuckFinn.json,36,words,82.13942098578548
2016-08-17-HuckFinn.json,37,words,81.51211900666061
2016-08-17-HuckFinn.json,38,words,81.02539349353609
2016-08-17-HuckFinn.json,39,words,82.89722466434463
2016-08-17-HuckFinn.json,40,words,82.34685976597376
2016-08-17-HuckFinn.json,41,words,76.19218029184815
2016-08-17-HuckFinn.json,42,words,82.80644735474525
2016-08-17-HuckFinn.json,43,words,79.2306898934577
2021-02-21-HuckFinn.json,1,sentences,56.71641791044782
2021-02-21-HuckFinn.json,2,sentences,62.01550387596925
2021-02-21-HuckFinn.json,3,sentences,49.9999999999999
2021-02-21-HuckFinn.json,4,sentences,68.18181818181807
2021-02-21-HuckFinn.json,5,sentences,62.222222222222115
2021-02-21-HuckFinn.json,6,sentences,55.14705882352946
2021-02-21-HuckFinn.json,7,sentences,69.23076923076906
2021-02-21-HuckFinn.json,8,sentences,54.716981132075375
2021-02-21-HuckFinn.json,9,sentences,65.75342465753415
2021-02-21-HuckFinn.json,10,sentences,75.00000000000006
2021-02-21-HuckFinn.json,11,sentences,58.13953488372116
2021-02-21-HuckFinn.json,12,sentences,46.5277777777779
2021-02-21-HuckFinn.json,13,sentences,57.0
2021-02-21-HuckFinn.json,14,sentences,43.36734693877562
2021-02-21-HuckFinn.json,15,sentences,44.91525423728817
2021-02-21-HuckFinn.json,16,sentences,29.424778761062917
2021-02-21-HuckFinn.json,17,sentences,46.35761589403992
2021-02-21-HuckFinn.json,18,sentences,56.13207547169781
2021-02-21-HuckFinn.json,19,sentences,40.51724137931055
2021-02-21-HuckFinn.json,20,sentences,48.87218045112775
2021-02-21-HuckFinn.json,21,sentences,40.15748031496042
2021-02-21-HuckFinn.json,22,sentences,44.44444444444436
2021-02-21-HuckFinn.json,23,sentences,47.86324786324805
2021-02-21-HuckFinn.json,24,sentences,53.0
2021-02-21-HuckFinn.json,25,sentences,31.53153153153128
2021-02-21-HuckFinn.json,26,sentences,48.14814814814848
2021-02-21-HuckFinn.json,27,sentences,41.34615384615368
2021-02-21-HuckFinn.json,28,sentences,32.704402515722975
2021-02-21-HuckFinn.json,29,sentences,51.31578947368402
2021-02-21-HuckFinn.json,30,sentences,22.641509433962238
2021-02-21-HuckFinn.json,31,sentences,53.70370370370404
2021-02-21-HuckFinn.json,32,sentences,46.116504854369055
2021-02-21-HuckFinn.json,33,sentences,48.46153846153832
2021-02-21-HuckFinn.json,34,sentences,46.363636363636516
2021-02-21-HuckFinn.json,35,sentences,45.77464788732422
2021-02-21-HuckFinn.json,36,sentences,53.3333333333332
2021-02-21-HuckFinn.json,37,sentences,37.93103448275858
2021-02-21-HuckFinn.json,38,sentences,46.40000000000019
2021-02-21-HuckFinn.json,39,sentences,54.87804878048783
2021-02-21-HuckFinn.json,40,sentences,36.842105263158
2021-02-21-HuckFinn.json,41,sentences,42.105263157894655
2021-02-21-HuckFinn.json,42,sentences,43.47826086956549
2021-02-21-HuckFinn.json,43,sentences,23.809523809523846
2021-02-21-HuckFinn.json,1,words,87.1368452168352
2021-02-21-HuckFinn.json,2,words,84.81805489085292
2021-02-21-HuckFinn.json,3,words,84.1890545847767
2021-02-21-HuckFinn.json,4,words,82.75371194538849
2021-02-21-HuckFinn.json,5,words,82.20154941090088
2021-02-21-HuckFinn.json,6,words,84.5613590882604
2021-02-21-HuckFinn.json,7,words,85.55511607384621
2021-02-21-HuckFinn.json,8,words,77.8595019515637
2021-02-21-HuckFinn.json,9,words,84.70310663011391
2021-02-21-HuckFinn.json,10,words,89.49982870846199
2021-02-21-HuckFinn.json,11,words,83.59269808361084
2021-02-21-HuckFinn.json,12,words,80.9153780781309
2021-02-21-HuckFinn.json,13,words,81.45949004931497
2021-02-21-HuckFinn.json,14,words,75.53884711779448
2021-02-21-HuckFinn.json,15,words,82.35767344127652
2021-02-21-HuckFinn.json,16,words,32.08242754554378
2021-02-21-HuckFinn.json,17,words,84.3127851976728
2021-02-21-HuckFinn.json,18,words,79.37337990299024
2021-02-21-HuckFinn.json,19,words,79.61086068438068
2021-02-21-HuckFinn.json,20,words,81.85666525105734
2021-02-21-HuckFinn.json,21,words,80.30611247934911
2021-02-21-HuckFinn.json,22,words,84.91008386192712
2021-02-21-HuckFinn.json,23,words,79.00904264080823
2021-02-21-HuckFinn.json,24,words,83.24804055161495
2021-02-21-HuckFinn.json,25,words,81.86481785670627
2021-02-21-HuckFinn.json,26,words,79.58877424540185
2021-02-21-HuckFinn.json,27,words,84.19534606004109
2021-02-21-HuckFinn.json,28,words,78.02163918728955
2021-02-21-HuckFinn.json,29,words,82.19542687632676
2021-02-21-HuckFinn.json,30,words,76.69931000340293
2021-02-21-HuckFinn.json,31,words,83.24708477126399
2021-02-21-HuckFinn.json,32,words,80.57288478226636
2021-02-21-HuckFinn.json,33,words,79.45487723654229
2021-02-21-HuckFinn.json,34,words,81.61368699839714
2021-02-21-HuckFinn.json,35,words,83.59616432385401
2021-02-21-HuckFinn.json,36,words,82.13942098578548
2021-02-21-HuckFinn.json,37,words,81.51211900666061
2021-02-21-HuckFinn.json,38,words,81.02539349353609
2021-02-21-HuckFinn.json,39,words,82.89722466434463
2021-02-21-HuckFinn.json,40,words,82.11457172880768
2021-02-21-HuckFinn.json,41,words,76.19218029184815
2021-02-21-HuckFinn.json,42,words,82.80644735474525
2021-02-21-HuckFinn.json,43,words,79.2306898934577
