token,count,works
"the",1961,513
"fingers",7,7
"of",674,355
"light",33,30
"tapped",1,1
"soft",7,7
"upon",85,76
"town",11,9
"with",214,165
"“i",6,5
"am",27,21
"great",12,11
"and",693,323
"cannot",39,35
"wait",15,14
"so",183,130
"therefore",4,4
"let",37,32
"me",191,132
"in",436,271
"“you’re",1,1
"soon,”",1,1
"replied",1,1
"“my",4,3
"faces",11,11
"are",117,83
"asleep",3,3
"but",262,197
"swear",2,2
"i",505,203
"will",73,55
"you",125,64
"by",144,106
"not",305,201
"wake",4,3
"them",29,24
"up.”",1,1
"easy",13,13
"guest",7,7
"complied",2,2
"once",32,27
"within",31,30
"transport",7,7
"his",196,118
"countenance",5,5
"awakened",1,1
"maid",4,4
"man",32,30
"neighbor",8,8
"pool",3,3
"hip",1,1
"elate",2,2
"made",10,10
"loud",3,3
"obeisance",2,2
"gnat",4,3
"held",12,11
"up",25,25
"cup",4,4
"for",257,191
"birds",21,20
"begun",13,12
"at",124,100
"four",5,5
"o'clock—",1,1
"their",63,49
"period",4,4
"dawn—",1,1
"a",859,361
"music",6,6
"numerous",1,1
"as",314,184
"space",3,3
"measureless",1,1
"noon",19,17
"could",81,60
"count",6,5
"force",7,6
"voices",1,1
"did",43,40
"expend",1,1
"brook",7,4
"bestows",2,2
"itself",33,30
"to",746,347
"magnify",1,1
"pond",3,3
"listener",1,1
"was",195,128
"none",17,17
"except",12,12
"occasional",7,5
"homely",2,2
"industry",2,2
"arrayed",1,1
"overtake",1,1
"morn",11,10
"nor",58,37
"it",431,209
"applause",1,1
"that",459,274
"ascertain",4,4
"independent",2,2
"ecstasy",6,6
"universe",6,6
"men",23,22
"six",1,1
"flood",2,2
"had",96,64
"done",11,11
"no",111,91
"tumult",1,1
"there",79,65
"been",19,19
"dressing",1,1
"or",169,116
"departure",3,3
"yet",40,31
"all",112,100
"band",3,3
"gone",14,13
"sun",50,44
"engrossed",2,2
"east",12,11
"day",70,61
"controlled",2,2
"world",21,20
"miracle",5,5
"introduced",2,2
"forgotten",4,4
"fulfilled",1,1
"pattern",5,5
"can",54,49
"fit",4,4
"him",89,74
"alone",11,10
"sheen",4,4
"must",43,37
"have",81,65
"disk",2,2
"be",213,154
"help",8,7
"another",17,17
"your",45,27
"prayers",1,1
"oh",34,33
"passer-by",1,1
"from",123,100
"such",38,32
"common",5,5
"ball",3,3
"this",157,109
"might",19,16
"date",4,4
"victory",1,1
"marshalings",1,1
"simple",8,8
"flags",1,1
"nations",3,3
"swang",1,1
"steady",2,2
"my",219,126
"soul—what",1,1
"issues",1,1
"thine",12,10
"arrow",3,3
"hang",5,5
"when",171,123
"seen",11,11
"emerge",2,2
"amazing",1,1
"house",23,22
"leave",7,7
"every",43,40
"door",20,19
"deed",3,3
"place",20,19
"without",42,38
"incident",1,1
"fame",13,12
"accident",4,4
"noise",3,3
"earth",19,18
"has",66,59
"seemed",6,6
"drum",1,1
"pursued",1,1
"little",63,51
"boys",5,5
"how",95,70
"good",10,9
"lava",1,1
"bed",3,3
"laborious",1,1
"boy",15,13
"who",75,62
"call",11,11
"dress",4,4
"sleepy",2,2
"saw",13,12
"sunrise",5,5
"say",26,20
"’twould",2,2
"guess",10,9
"seeing",1,1
"loss",3,3
"ability",1,1
"emigrant",1,1
"is",473,258
"afflicted",1,1
"blindness",1,1
"beheld",3,3
"blest",1,1
"find",15,14
"its",92,63
"eye",30,27
"morning",12,12
"comes",12,12
"considers",1,1
"coming",7,7
"twice",7,6
"two",25,23
"dawns",2,2
"single",19,19
"make",27,25
"life",44,38
"sudden",6,6
"price",8,7
"one",95,76
"on",145,114
"tare",1,1
"he",134,86
"doth",9,9
"punctual",2,2
"conscientious",2,2
"flower",26,19
"estimates",2,2
"bird",25,23
"prance",1,1
"bee",28,26
"play",16,15
"ran",2,2
"miles",2,2
"away",56,50
"blind",4,4
"joy",17,15
"choose",5,5
"between",20,19
"holiday",2,2
"meadows",2,2
"out",31,29
"fences",1,1
"ran—",1,1
"republic",1,1
"delight",22,22
"thought",16,15
"where",34,26
"each",26,22
"citizen",5,5
"heavy-laden",1,1
"lands",3,3
"thee",74,54
"were",77,62
"seas",3,3
"cross",6,6
"come",32,29
"caspian",3,3
"crowded—",1,1
"too",73,57
"near",7,7
"thou",32,23
"art",8,8
"fog",2,1
"contested",1,1
"government",1,1
"took",17,16
"down",18,18
"yellow",9,8
"whip",1,1
"drove",3,3
"sufficient",7,7
"if",156,106
"others",9,9
"want",5,4
"see",36,32
"window",5,5
"panes",1,1
"some",42,38
"hours",4,4
"compensation—",1,1
"holds",11,10
"large",6,6
"glow",7,7
"squirrel",4,4
"himmaleh",2,2
"precisely",6,5
"hinge",1,1
"evening",10,10
"folding",1,1
"compelling",1,1
"sill",4,4
"till",55,50
"ajar",1,1
"rests",1,1
"night",32,29
"shining",5,5
"nature",44,39
"rest",11,11
"while",25,24
"go",42,36
"cloud",7,6
"withdrew",2,2
"sky",21,20
"superior",6,6
"glory",9,8
"auxiliaries",1,1
"forever",4,2
"lost",13,13
"further",16,13
"scanned",4,4
"secured",1,1
"an",143,113
"hermetic",1,1
"memory",9,9
"availed",1,1
"now",42,39
"never",65,54
"pass",6,6
"angel",3,3
"glance",2,2
"bow",2,2
"firm",3,3
"heaven",36,25
"intention",1,1
"curious",3,3
"surprised",1,1
"twas",24,21
"like",93,77
"sheet",3,2
"horns",1,1
"blue",7,6
"antlers",1,1
"gray",1,1
"almost",8,8
"touched",4,4
"lawns",1,1
"low",12,12
"leaned",1,1
"then",98,78
"statelier",2,2
"drew",4,4
"trailed",1,1
"robes",1,1
"away—",1,1
"queen",5,5
"adown",1,1
"satin",4,4
"aisle",1,1
"majesty",2,2
"south",5,5
"wind",23,19
"pathos",2,2
"individual",1,1
"voice",9,9
"detect",2,2
"landings",1,1
"emigrant’s",1,1
"address",1,1
"hint",3,3
"ports",1,1
"peoples",1,1
"much",19,19
"understood",2,2
"fairer",2,2
"farness",1,1
"foreignhood",1,1
"quiet",5,5
"seeming",1,1
"harm",4,4
"setting",9,9
"strayed",1,1
"accidental",1,1
"red",7,6
"strolling",1,1
"hue",4,4
"would",86,69
"said",22,21
"westward",1,1
"began",2,2
"jar",2,2
"houses",2,2
"vanished",3,3
"roar",1,1
"human",16,15
"hid",4,4
"we",181,113
"comprehended",2,2
"awe",6,6
"those",42,34
"dissolution",2,2
"warrant",4,4
"wild",4,4
"abreast",1,1
"winds",7,7
"threatened",2,2
"run",16,16
"crouched",1,1
"behind",19,18
"sat",1,1
"defiant",1,1
"sun—",2,2
"conflict",1,1
"upper",2,2
"friends",2,2
"genial",1,1
"main",2,2
"deplore",1,1
"peculiarly",1,1
"arrogant",1,1
"campaign",11,8
"lightning",8,7
"fork",1,1
"tables",1,1
"inadvertent",1,1
"dropped",8,8
"awful",11,11
"cutlery",2,2
"mansions",4,2
"quite",6,5
"disclosed",3,3
"concealed",2,2
"apparatus",1,1
"dark",9,9
"ignorance",2,2
"revealed",1,1
"playeth",1,1
"singeth",1,1
"ourselves",11,9
"conscious",4,4
"exist",4,4
"approach",3,3
"stern",2,2
"insulators",1,1
"glove",2,2
"whose",24,18
"short",10,9
"sepulchral",2,2
"bass",2,2
"alarms",1,1
"us",67,54
"though",39,36
"feet",20,18
"may",57,48
"counterpass",1,1
"ropes",1,1
"above",17,15
"our",76,60
"head",11,11
"continual",4,3
"news",12,8
"check",1,1
"speech",2,2
"stop",12,11
"rain",6,5
"sounded",1,1
"curved",1,1
"knew",26,25
"walked",2,2
"wet",1,1
"any",33,28
"wave",1,1
"swept",3,3
"dry",3,3
"sand",5,5
"pushed",4,4
"remotest",2,2
"plain",8,8
"hosts",1,1
"heard—",1,1
"indeed",14,13
"filled",2,2
"wells",2,2
"pleased",1,1
"pools",2,2
"warbled",1,1
"road",11,10
"pulled",1,1
"spigot",1,1
"hills",6,6
"floods",3,3
"abroad",8,8
"loosened",1,1
"acres",2,2
"lifted",3,3
"sites",1,1
"centers",1,1
"stirred",3,3
"elijah",1,1
"rode",2,2
"wheel",3,3
"northern",1,1
"things",16,16
"piled",1,1
"bent",2,2
"unto",33,31
"west",9,9
"opening",5,5
"mouth",2,2
"divisions",1,1
"devour",1,1
"everything",3,3
"corners",2,2
"slunk",1,1
"power",9,9
"chambers",2,2
"went",20,19
"ventured",2,2
"her",150,81
"subjects",4,4
"scattered",4,3
"into",7,7
"systems",2,2
"ranged",1,1
"about",11,11
"again",23,21
"smoke",3,3
"dwellings",1,1
"rose",21,18
"heard",15,13
"intimate",6,6
"tempest",2,2
"past",9,9
"barricade",1,1
"against",7,7
"martial",5,5
"trees",4,4
"withdraw",1,1
"flag",1,1
"turn",11,11
"armies",3,3
"more",54,52
"what",74,53
"russet",3,3
"halts",2,2
"nature’s",5,5
"march",4,4
"they",96,66
"indicate",4,4
"cause",6,6
"inference",2,2
"mexico",1,1
"effaces",2,2
"surmise",7,7
"recurrent",1,1
"after",16,16
"mind",28,26
"massacre",2,2
"air",19,16
"wound",3,2
"scar",1,1
"holidays",1,1
"war",3,3
"called",7,5
"sunset",11,9
"someone",5,5
"only",36,31
"amber",7,7
"farm",4,3
"just",66,53
"herd",3,2
"opal",2,1
"cattle",4,2
"feeding",1,1
"far",34,28
"vain",7,7
"hill",11,10
"even",14,14
"looked",11,7
"dissolved",2,2
"soil",4,4
"stead",2,2
"sea",27,23
"displayed",3,3
"ships",1,1
"size",10,8
"crew",3,3
"mountains",5,5
"afford",3,3
"decks",1,1
"seat",1,1
"skies",5,5
"showman",1,1
"rubbed",1,1
"mediterranean",1,1
"that's",3,3
"battle",3,3
"burgoyne",1,1
"over",17,10
"time",33,32
"beast",2,2
"put",20,18
"work",13,11
"“sunset”",2,2
"sounds",2,2
"majestic",1,1
"solemn",4,4
"comprehend",4,4
"chastened",1,1
"stare",2,2
"“red",1,1
"sea,”",1,1
"indeedl",1,1
"talk",4,4
"purple",12,11
"pharaoh",1,1
"navy",1,1
"pierce",1,1
"columns",1,1
"through",24,21
"guileless",2,2
"fine",5,5
"along",7,7
"line",8,8
"js",1,1
"marine",1,1
"divine",9,9
"inquires",1,1
"sigh",4,4
"should",30,25
"big",6,6
"exultation",2,2
"woe",8,8
"wine",4,4
"fatiguel",1,1
"carries",1,1
"lets",6,6
"screens",1,1
"reveals",1,1
"enhancing",1,1
"menaces",1,1
"amethyst",2,2
"moats",1,1
"mystery",5,5
"lilac",3,2
"ancient",1,1
"shrub",1,1
"ancienter",1,1
"than",77,63
"firmamental",1,1
"tonight",3,3
"subsiding",1,1
"course",2,2
"bequeathes",1,1
"final",8,8
"plant",2,2
"contemplation—not",1,1
"touch—",1,1
"occident",2,2
"corolla",2,2
"calyx",1,1
"capsule's",1,1
"burnished",2,2
"seeds",3,3
"stars",9,9
"scientist",1,1
"faith",14,14
"research",1,1
"synthesis",1,1
"flora",1,1
"unimpeachable",1,1
"time's",4,4
"analysis",2,2
"hath",5,5
"possibly",4,4
"current",1,1
"revelation",3,3
"theses",1,1
"detained",2,2
"kept",9,8
"stooping",3,2
"meet",10,10
"side",15,12
"transaction",1,1
"repose",5,5
"deeper",3,2
"grew",12,12
"stain",5,5
"pane",5,5
"thicker",3,2
"stood",7,7
"until",27,24
"tyrian",1,1
"crowded",1,1
"dense",1,1
"gay",6,6
"brigadier",1,1
"felt",11,11
"stirrings",1,1
"cockade",1,1
"wore",5,5
"charged",2,2
"chimney",5,4
"corner—",1,1
"nobody",3,3
"stopped",4,3
"cottages",3,2
"hence",1,1
"treason",3,3
"life’s",4,4
"westerly",1,1
"today",13,12
"difference",6,6
"mak'st",1,1
"supercilious",1,1
"whole",13,13
"gulfs",1,1
"fleets",1,1
"crews",1,1
"solid",6,6
"blood",6,6
"twere",2,2
"signal",3,3
"ground",6,6
"appointed",2,2
"creatures",6,6
"authorized",2,2
"arrays",1,1
"due",5,5
"promptly",1,1
"drama",3,3
"bows",1,1
"disappears",2,2
"color",4,3
"this—",2,2
"beryl",1,1
"auroran",1,1
"widths",1,1
"fling",5,5
"suddenly",3,3
"tis",39,31
"witchcraft—nature",1,1
"iodine",2,2
"sweet",30,28
"ye",2,2
"tell",41,31
"lie",10,10
"deny",3,3
"fly",12,12
"same",19,18
"unvarying",1,1
"eyes",17,17
"fail",4,4
"feign",1,1
"take",23,21
"royal",4,3
"names",2,2
"slow",11,11
"violet",2,2
"gaze",3,3
"strong",5,4
"madonnas",1,1
"cherish",1,1
"still",22,21
"wayward",1,1
"nun",1,1
"beneath",7,7
"service",8,7
"latest",3,3
"worship",2,2
"fades",1,1
"firmament",5,4
"lift",10,10
"brows",2,2
"haze",1,1
"valleys",2,2
"below",10,10
"waited",1,1
"liked",1,1
"river",1,1
"leisure",3,3
"interests",1,1
"fire",7,7
"remark",2,2
"withdrawn",3,3
"twilight",3,3
"spoke",4,4
"spire",1,1
"scene",8,8
"act",4,4
"fell",4,4
"neighborly",2,2
"thing",22,19
"invisible",2,2
"willing",1,1
"lid",5,5
"o’er",2,2
"weary",4,4
"leans",1,1
"remains",2,2
"balcony",1,1
"fading",3,3
"darkness",3,3
"dips",1,1
"half",9,7
"complexion",1,1
"hindering",1,1
"haunting",1,1
"perishing",3,3
"rallies",2,2
"dying",22,18
"friend",23,20
"teasing",1,1
"glittering",3,3
"amend",1,1
"aggravate",1,1
"expiring",1,1
"perfect",5,5
"look",28,27
"moved",4,4
"axles",1,1
"hoist",1,1
"themselves",8,7
"hated",3,2
"motion",1,1
"told",13,13
"soul",39,30
"use",1,1
"played",2,2
"came",13,13
"again—",3,3
"sight",9,8
"moon",7,6
"haste",1,1
"express",2,2
"around",11,11
"zones",1,1
"paradise",23,22
"lord",9,8
"burned",1,1
"north",3,3
"do",57,50
"concentrate",1,1
"glowworms",1,1
"flee",8,8
"poor",6,5
"hindered",2,2
"hunted",3,3
"day—",2,2
"candle",1,1
"entertains",1,1
"entirely",4,4
"rises",3,3
"passes",2,2
"inscribes",1,1
"cajoles",1,1
"moment",10,10
"spires",2,2
"infinite",11,11
"blaze",2,2
"falling",1,1
"sparks",1,1
"reveal",3,3
"width",4,4
"burned—",1,1
"territory",3,3
"argent",1,1
"consumed",1,1
"winged",1,1
"spark",3,3
"soar",2,2
"met",12,11
"oft",4,4
"mistook",1,1
"nights",3,3
"hot",1,1
"sere",4,4
"twinkling",1,1
"travels",1,1
"pursues",1,1
"haunts",2,2
"men—",1,1
"speck",1,1
"rapture",4,4
"first",43,39
"perceived",1,1
"feeling",6,6
"watched",2,2
"she",59,32
"stopped—a",1,1
"traveler’s",1,1
"privilege—",1,1
"thereupon",1,1
"gazed",1,1
"stranger",10,8
"lady",9,9
"think",14,14
"incivility",1,1
"glass",5,5
"justified",2,2
"curiosity",3,3
"mine",32,28
"foot",9,8
"hand",25,23
"formula",1,1
"guillotine",1,1
"slid",1,1
"carelessly",1,1
"sustain",2,2
"stemless",1,1
"upheld",1,1
"rolling",1,1
"finer",4,4
"gravitations",1,1
"bind",2,2
"philosopher",3,3
"hunger",2,2
"inn",5,5
"toilette",1,1
"suffice",6,6
"avocation",1,1
"concern",4,4
"mysteries",1,1
"harass",3,3
"us—like",1,1
"death",50,40
"afterward",1,1
"nay—",1,1
"absolute",3,3
"privilege",6,6
"scrutinize",2,2
"scarce",4,4
"silver",6,6
"practice",2,2
"vaulted",1,1
"next",2,2
"myself",22,20
"follow",3,3
"advantage",1,1
"lit",1,1
"star",4,4
"bright",6,6
"descried",2,2
"distant",4,4
"traveler",3,3
"magic",4,4
"perpendiculars",1,1
"ascending",1,1
"terrene",1,1
"unknown",11,11
"shimmering",1,1
"ultimate",2,2
"indorsed",1,1
"’tis",15,12
"spend",2,2
"here",29,25
"height",5,5
"barometer",1,1
"airs",1,1
"expectation",1,1
"breathes",1,1
"takes",1,1
"prime",3,3
"distance",7,7
"delights",3,3
"confides",1,1
"visit",2,2
"mighty",15,15
"feel",15,12
"morns",1,1
"encamping",1,1
"thousand",4,4
"espousing",1,1
"spurning",1,1
"soaring",2,2
"turret",3,2
"tall",3,3
"pompous",2,2
"noons",1,1
"stepping",1,1
"incorporeal",1,1
"tunes",2,2
"correcting",1,1
"errors",1,1
"skirmishing",1,1
"scenery",1,1
"lonesome",5,5
"people",7,7
"lights",1,1
"closes",2,2
"shutter",1,1
"goes",9,9
"1",11,10
"different",18,17
"version",7,7
"order",2,2
"stanzas",3,3
"reversed",3,3
"lay",7,7
"days",12,11
"before",24,24
"here—",2,2
"grains",1,1
"shore",2,2
"imperceptible",1,1
"note",6,6
"round",12,10
"year",11,11
"snow",15,13
"drifts—",1,1
"transient",1,1
"fragrant",1,1
"year—",1,1
"softly",8,8
"driving",1,1
"thorough",1,1
"tree",9,9
"february’s",1,1
"self",2,2
"experience",3,3
"winter",8,7
"face",39,35
"former",6,6
"repaired",1,1
"loneliness",4,2
"nature's",7,7
"alibi",1,1
"storm",3,3
"spice",1,1
"value",3,3
"buy",5,5
"contrast—pang",1,1
"notice",5,5
"spring",9,8
"month",1,1
"heart",44,35
"thy",31,28
"hoary",3,3
"rosy",1,1
"chair",3,3
"flowers",11,8
"keep",12,12
"enamor",1,1
"care",9,9
"salary",1,1
"longest",4,4
"nothing",14,13
"bier",1,1
"suppose",6,5
"come—",3,2
"aid",2,2
"coming!—",1,1
"crowd",4,4
"booming",1,1
"hinder",4,4
"little—",1,1
"corn",3,3
"silk",1,1
"chintz",1,1
"apple",2,2
"believe",9,9
"jay",2,2
"giggle",1,1
"new",20,18
"white",4,4
"earth—",1,1
"halt",2,2
"god",33,27
"among",8,7
"other",51,43
"seasons",9,9
"himself",15,15
"abide",4,4
"during",3,3
"april",11,11
"stir",8,8
"cordial",2,2
"interview",4,4
"unmoved",3,3
"old",26,21
"desire—",1,1
"hurry",3,2
"lingering",1,1
"mixed",2,2
"fair",17,17
"competition",1,1
"sense",6,6
"something",9,9
"vanishes",1,1
"remorse",1,1
"senses—though",1,1
"perhaps",15,14
"well",15,13
"they're",1,1
"home",28,24
"madness",2,2
"liable",1,1
"them—",1,1
"heads—",1,1
"blind!—",1,1
"utterly",1,1
"summer",38,32
"few",7,6
"believed",1,1
"aspiring",1,1
"unquestionably",1,1
"loved",6,4
"does",13,13
"spacious",4,4
"way",32,28
"eligible",2,2
"extremity",1,1
"created",2,2
"adore",4,4
"affluence",1,1
"bestowed",3,3
"embryo",3,3
"endowed",2,2
"prepared",2,2
"show",15,14
"which",50,37
"ticket",1,1
"simplest",1,1
"witness",7,6
"pomp",1,1
"washed",2,2
"planks",1,1
"sailed",2,2
"captain",1,1
"butterfly",5,5
"helmsman",1,1
"entire",3,3
"delighted",1,1
"these",22,20
"fevered",1,1
"forest",1,1
"waters",3,3
"cool",5,5
"mosses",1,1
"crawl",3,3
"shade",3,3
"devastates",1,1
"stillness",2,2
"seems",7,7
"sometimes",10,9
"prize",3,3
"treasurers",1,1
"instructs",2,2
"recognition",4,3
"lazy",1,1
"bestirs",2,2
"puts",1,1
"coat",4,4
"scans",1,1
"fatal",1,1
"promptness",1,1
"trains",1,1
"unconscious",1,1
"smartness",1,1
"warning",1,1
"spy—",1,1
"shorter",5,4
"breath",7,7
"stealing",1,1
"stealth",2,2
"symptom",2,2
"sound",7,7
"smile",13,13
"throe",2,2
"summer’s",2,2
"assemblies",1,1
"entrancing",1,1
"end",6,6
"times",5,5
"estranged",3,3
"however",5,4
"intimate—",1,1
"dissembling",2,2
"september’s",1,1
"baccalaureate",1,1
"combination",1,1
"crickets",1,1
"crows",1,1
"retrospects",1,1
"breeze",5,5
"hints",1,1
"assuming",1,1
"innuendo",1,1
"makes",15,15
"fun",1,1
"2",4,3
"published",15,15
"youth's",3,3
"companion",4,4
"september",2,2
"29",1,1
"1892",1,1
"abolish",1,1
"frost",11,10
"cease",3,3
"perish",12,12
"prevail",3,3
"optional",2,2
"pungent",3,3
"atom",4,4
"admits",2,2
"debate",2,2
"named",1,1
"relinquished",1,1
"estate",22,19
"department",1,1
"positive",3,3
"limit",2,2
"dominion",5,5
"dams",1,1
"name",24,24
"autumn",1,1
"artery",3,3
"vein",3,3
"globules",1,1
"alleys",1,1
"shower",1,1
"upset",1,1
"basin",1,1
"spill",2,2
"scarlet",4,4
"rainl",1,1
"sprinkles",1,1
"bonnets",1,1
"gathers",1,1
"ruddy",2,2
"eddies",2,2
"vermilion",4,4
"wheels",3,3
"8",9,7
"poem",26,18
"youth’s",1,1
"189a",1,1
"last",30,27
"“and",1,1
"leaves",8,8
"hills.”",1,1
"products",2,2
"own",15,15
"benefit",1,1
"neighbor’s",1,1
"bin",1,1
"harvest",2,2
"frosts",3,3
"begin",4,4
"reverse",6,6
"zodiac",1,1
"fetch",3,2
"verdure",1,1
"proffered",1,1
"winter’s",1,1
"fracture",3,3
"rivers",2,2
"full",4,4
"autumns",1,1
"bounteous",2,2
"hadst",1,1
"berry",5,5
"wandering",3,3
"june",6,5
"cut",2,2
"roses",1,1
"seed",7,7
"briefer",1,1
"tenderer",2,2
"supposed",3,3
"grave's",1,1
"affect",1,1
"return",7,7
"ours",6,5
"diversified",2,2
"prospect",1,1
"second",23,20
"compare",2,2
"recollect",6,6
"beginnings",1,1
"beginning",4,3
"october",1,1
"affectingly",1,1
"riot",2,2
"graphicker",1,1
"grace—",1,1
"going",11,11
"remaining",3,3
"face—",1,1
"departing",5,5
"deciduous",1,1
"die",29,26
"small",18,16
"surrounded",1,1
"tight",5,5
"early",4,4
"afternoon",4,4
"deep",6,6
"shortness",1,1
"ways",4,4
"obtained",4,4
"excuse",1,1
"november",2,2
"hung",3,3
"granite",1,1
"hat",6,6
"nail",2,2
"plush",3,3
"chilly",2,2
"peace",6,6
"infests",1,1
"grass",6,6
"respectful",1,1
"lies",6,6
"trance",1,1
"shadows",1,1
"allies",1,1
"glee",3,3
"mankind",3,3
"anchor",1,1
"whatsoever",3,3
"sifts",1,1
"leaden",1,1
"sieves",1,1
"powders",1,1
"wood",3,3
"fills",2,2
"alabaster",2,2
"wool",2,2
"wrinkles",1,1
"scatters",1,1
"condenses",1,1
"flock",1,1
"juggler’s",1,1
"figures",1,1
"situates",2,2
"baseless",1,1
"arc",3,3
"traverses",1,1
"disperses",1,1
"stays",5,5
"curls",1,1
"capricorn",1,1
"denying",2,2
"4",7,5
"several",1,1
"versions",3,3
"handwriting",5,5
"periods",2,2
"stanza",12,9
"poems",18,13
"series",4,4
"1891",3,3
"p",13,11
"174",1,1
"street",3,3
"tinsel",1,1
"peril",1,1
"merry",2,2
"venture",4,4
"hearty",2,2
"shot",4,4
"lithe",1,1
"sleds",1,1
"shod",2,2
"vibrations",1,1
"emphasized",1,1
"gone—",2,2
"past's",1,1
"supreme",6,6
"italic",5,5
"present",9,9
"mean",5,5
"hoar",2,2
"flavor",1,1
"yield",3,3
"intellects",1,1
"inebriate",1,1
"generic",1,1
"quarry",1,1
"invited",3,2
"asperity",1,1
"welcome",1,1
"pageantry",2,2
"banners",2,2
"sow",2,2
"train",3,2
"sleeps",1,1
"state",3,3
"chancel",1,1
"lose",6,6
"miss",9,8
"shall",38,32
"burglar",1,1
"rob",1,1
"broker",1,1
"cheat",1,1
"build",4,4
"hillocks",1,1
"gaily",2,2
"spade",1,1
"leaving",2,2
"nooks",1,1
"daisy",6,6
"columbine",1,1
"secret",3,3
"crocus",2,2
"know",60,47
"chant",1,1
"snow!”",1,1
"keeps",4,4
"orchis",1,1
"swamps",1,1
"pink",4,4
"5",3,3
"b",1,1
"emily",6,5
"75",1,1
"76",1,1
"77",1,1
"parts",1,1
"since",16,15
"wrote",2,2
"page",5,5
"usual",1,1
"marks",1,1
"separation",1,1
"bloom",8,8
"result",4,4
"casually",1,1
"scarcely",4,4
"suspect",7,7
"minor",5,5
"circumstance",5,5
"assisting",1,1
"affair",2,2
"intricately",1,1
"offered",3,3
"meridian",1,1
"pack",1,1
"bud",2,2
"oppose",1,1
"worm",1,1
"obtain",3,3
"right",8,8
"dew",4,4
"adjust",2,2
"heat",1,1
"elude",2,2
"escape",3,3
"prowling",1,1
"disappoint",1,1
"awaiting",1,1
"profound",1,1
"responsibility",1,1
"absent",3,3
"daffodils",2,2
"a-blow",1,1
"homesick",3,3
"drift",1,1
"block",5,4
"daffodil",1,1
"whom",12,11
"duplicate",3,3
"—well",1,1
"anybody",2,1
"define",1,1
"trouble",2,2
"humble",4,4
"fountain",1,1
"contra",1,1
"flow",1,1
"give",11,11
"daisies",3,3
"hillside",2,2
"blow",3,3
"breast",8,8
"butterflies",5,4
"san",2,2
"domingo",3,3
"cruising",1,1
"system",1,1
"aesthetics",1,1
"baffled",1,1
"embarrassed",1,1
"afraid",7,7
"encounter",1,1
"garden",7,7
"unexpected",1,1
"beckons",1,1
"woods",2,2
"start",5,5
"nods",1,1
"begin—",1,1
"surely",2,2
"country",2,2
"ask",8,8
"darlings",1,1
"grant",2,2
"penurious",2,2
"knows",9,9
"pilgrim",2,2
"hastening",1,1
"journey",6,6
"wonder",6,6
"sigh—",1,1
"ah",7,6
"6",3,3
"garlands",1,1
"queens",2,2
"laurels",1,1
"rare",3,3
"degree",4,4
"sword",2,2
"remembering",3,2
"chivalry",2,2
"charity",3,3
"equity",2,2
"ordained",2,2
"0",3,3
"december",1,1
"24",3,3
"artists",1,1
"wrestled",2,2
"lo",2,1
"tint",4,4
"cashmere",1,1
"student",2,2
"easel",1,1
"herein",1,1
"blossom",7,6
"sepulchre",3,3
"overcome",3,3
"remain—’tis",1,1
"rind",2,2
"easiest",2,2
"plays",1,1
"outside",3,3
"sorry",1,1
"confide",1,1
"enemy",3,3
"gentle",5,5
"separate",7,7
"herself",5,5
"distances",2,2
"become—",1,1
"constitute",2,2
"departed",5,4
"odor",1,1
"metre",1,1
"nay",4,4
"melody",6,6
"spiciest",1,1
"habit",2,2
"laureate",1,1
"7",4,4
"affects",1,1
"sedate",1,1
"occasion",3,3
"grand",4,3
"observation",2,2
"practices",1,1
"extend",1,1
"necromancy",1,1
"trades",1,1
"remote",3,3
"understand—",1,1
"behold",5,5
"juggler",2,2
"turnedl",1,1
"derided",1,1
"weed",2,2
"station",2,2
"ignominy's",1,1
"long",24,21
"fameless",1,1
"lightly",3,3
"disdain",2,2
"bower",1,1
"ancestors",1,1
"9",5,4
"brocades",1,1
"36",1,1
"used",6,6
"“poesy,”",1,1
"emily’s",8,8
"alternative",5,4
"reading",1,1
"“melody.”",1,1
"dandelion’s",1,1
"shield",1,1
"valid",1,1
"leontodon's",1,1
"escutcheon",1,1
"sustains",1,1
"anywhere",3,3
"enough",13,13
"entered",2,2
"entitled",3,3
"bumblebee’s",1,1
"familiarities",1,1
"veins",3,3
"terms",1,1
"“branch”",1,1
"“jugular.”",1,1
"abides",1,1
"conjugate",1,1
"skill",5,5
"creates",1,1
"federates",1,1
"syllable",3,3
"possess",2,2
"certificate",1,1
"minted",1,1
"holiness",2,2
"earlier",3,3
"copy",5,4
"third",5,4
"reads",3,3
"bliss",13,13
"codes",1,1
"jesus",11,6
"cites",1,1
"me,”",2,2
"moiety",1,1
"wafts",2,2
"seraphim",1,1
"send",2,2
"decrepit",2,2
"sent",7,7
"parting",4,4
"designed",1,1
"stay",3,3
"motive",1,1
"souvenir",2,2
"sentiment",1,1
"prudential",2,2
"withheld",4,4
"invincibly",1,1
"sown",4,4
"con",1,1
"lain",3,3
"received",3,3
"high",7,7
"mortal",3,3
"pick",2,2
"avoid",1,1
"spare",4,4
"unreluctantly",1,1
"recently",1,1
"rival",1,1
"claim",2,2
"disturbed",1,1
"amities",1,1
"property",2,2
"having",2,2
"claims",2,2
"pretty",5,5
"acre",4,3
"sends",1,1
"bailiff",1,1
"parties",1,1
"forbids",1,1
"publicity",1,1
"justice",2,2
"sublimer",1,1
"arms",3,3
"pedigree",2,2
"1*11",1,1
"institute",1,1
"action—",1,1
"i'll",3,2
"vindicate",1,1
"law",4,4
"jove",1,1
"counsel",1,1
"retain",3,3
"shaw",1,1
"rapid",1,1
"passed",5,5
"unsubstantial",2,2
"team",1,1
"hovering",1,1
"alarm",5,5
"villages",2,2
"remotely",1,1
"set",7,7
"search",3,3
"retrieveless",2,2
"vigilance",1,1
"waste",3,2
"gets",2,2
"traced",1,1
"unproved",1,1
"worst",2,2
"fear",9,8
"strangers",2,2
"secrets",4,3
"dig",1,1
"her—a",1,1
"laborer.”",1,1
"m",2,2
"l",1,1
"t",3,3
"analyze",1,1
"philip",2,2
"prefer",2,2
"labor",2,2
"vaster",2,2
"infer",4,4
"“protect",1,1
"flower,”",1,1
"sailors",1,1
"fighting",2,2
"leak",1,1
"fought",1,1
"mortality",2,2
"passive",3,3
"mountain",3,3
"shelf",1,1
"pried",1,1
"back",13,13
"wedged",1,1
"narrow",5,5
"snake",2,2
"forked",1,1
"•",77,42
"helpless",4,4
"beauty",4,3
"wrath",1,1
"ravine",1,1
"chased",2,2
"den",3,3
"nowhere",3,3
"continent",2,2
"larger",5,5
"wrinkle",1,1
"beloved",7,7
"clutch",6,5
"grace",16,14
"tighter",1,1
"resent",1,1
"crease",3,3
"comely",1,1
"dishevels",1,1
"asserting",1,1
"prism",2,2
"punish",2,2
"worthlessness",1,1
"earthly",4,4
"ditty",1,1
"sings",1,1
"enforces",1,1
"rectitude",1,1
"suffocate",1,1
"kinsmen",2,2
"plenty",1,1
"pulpy",1,1
"multitude",2,2
"tepid",1,1
"needless",1,1
"hospitality",1,1
"advanced",1,1
"breakfasted",1,1
"pondered",1,1
"judged",2,2
"left",13,12
"angleworm",1,1
"modesties",1,1
"enlarged",3,3
"mansion",3,3
"frog",1,1
"forsakes",2,2
"log",1,1
"statements",1,1
"auditors",1,1
"worlds",1,1
"deducting",1,1
"orator",1,1
"hoarse",1,1
"mittens",1,1
"eloquence",1,1
"bubble",4,3
"applaud",1,1
"discover",3,3
"chagrin",1,1
"demosthenes",1,1
"forums",1,1
"green",5,3
"sanctifies",1,1
"association",1,1
"overhear",1,1
"arrestless",1,1
"matter",2,2
"fdireign",1,1
"protection",1,1
"asked",3,3
"befriend",1,1
"lest",15,15
"yourself",4,4
"found",15,15
"refugee",1,1
"cosmopolites",1,1
"plea",1,1
"alight",1,1
"land—",1,1
"compliments",2,2
"hand—",1,1
"dappled",4,4
"compensation",1,1
"“knock",1,1
"opened”",1,1
"theology",1,1
"touch",7,7
"guitar",1,1
"unless",6,6
"know’st",1,1
"tune",14,13
"point",1,1
"wert",6,3
"bard",1,1
"soon",5,5
"anguish",12,12
"shun",4,4
"despair",7,7
"dear",7,7
"iniquity",1,1
"why",12,10
"quick",7,7
"stab",2,2
"ravished",2,2
"spirit",13,12
"dirks",1,1
"part",7,7
"inquiry",1,1
"receive",1,1
"reply",6,6
"flesh",3,3
"sunder",1,1
"death’s",3,3
"immediately",3,3
"investigated",1,1
"laid",7,6
"aside",3,3
"imparts",1,1
"bluebird",1,1
"assured",2,2
"ostensible",1,1
"vicissitude",1,1
"competing",1,1
"gallant",2,2
"exalts",1,1
"adhere",1,1
"swerves",1,1
"fortitude",3,3
"stanched",1,1
"10",5,4
"printed",1,1
"england",7,7
"quarterly",6,6
"193a",1,1
"variant",2,2
"lines",5,5
"previously",1,1
"appeared",2,2
"letters",1,1
"1894",1,1
"22a",1,1
"bobolink",6,5
"singing",2,2
"ever",9,9
"minded",1,1
"occupying",1,1
"farmer",1,1
"close",6,6
"core",3,3
"future",4,4
"best",16,14
"horizon",2,2
"brave",6,6
"anodynel",1,1
"obliged",1,1
"inferred",3,3
"impudent",1,1
"habiliment",1,1
"attired",1,1
"defy",1,1
"impertinence",1,1
"subordinate",1,1
"sentiments",1,1
"seditious",1,1
"amenable",1,1
"heresies",2,2
"puck’s",1,1
"apostasy",2,2
"extrinsic",1,1
"attention",4,4
"existence",5,5
"allured",1,1
"children",12,11
"adult",2,2
"urgent",1,1
"grown",8,8
"unforeseen",1,1
"aggrandizement",1,1
"renown",7,7
"contrast",3,3
"certifying",1,1
"nullified",1,1
"meadow",4,4
"sorcerer",1,1
"rowdy",1,1
"swaggers",1,1
"presbyterian",1,1
"resume",2,2
"meeting",3,3
"interrupted",1,1
"overflowing",1,1
"sabbath",1,1
"afflictive",1,1
"swung",1,1
"decalogue",1,1
"shouted",1,1
"“let",1,1
"pray",4,4
"phebe",3,1
"less",13,13
"fitted",4,4
"dwelt",2,2
"seek",6,6
"shy",5,5
"blame",9,8
"print",1,1
"floors",1,1
"sparrow",1,1
"slice",1,1
"twig",3,3
"very",9,9
"nice",2,2
"because",32,26
"empty",3,3
"plate",2,2
"handed",1,1
"invigorated",1,1
"fully",1,1
"turned",4,4
"familiar",5,5
"saddle",1,1
"immensity",1,1
"robin",8,8
"troubadour",1,1
"circumstances—",1,1
"guests",2,2
"perspicacity",1,1
"fugitive",2,2
"you’ll",4,3
"smallest",7,7
"gamboge",1,1
"toes",2,2
"affront",6,5
"quaint",1,1
"creature’s",1,1
"boot",1,1
"adjusted",2,2
"stem",5,5
"button",1,1
"vouch",1,1
"velvet",1,1
"limb",1,1
"vest",3,3
"tight-fitting",1,1
"orange-brown",1,1
"inside",1,1
"jacket",2,2
"duller",1,1
"born",5,5
"cap",1,1
"snug",1,1
"constructed",1,1
"she’d",1,1
"barehead",1,1
"off",6,6
"closer",1,1
"stands",6,6
"seam",2,2
"clasped",1,1
"brim",1,1
"you'll",2,2
"doubtful",4,4
"tone",2,2
"endeavor",1,1
"hurries",1,1
"squanders",1,1
"ear",13,12
"arguments",1,1
"pearl",8,7
"beg",4,4
"brain",7,7
"crumb",5,5
"returns",1,1
"records",1,1
"lady’s",2,2
"chronicle",1,1
"sights",1,1
"chuckles",1,1
"flattens",1,1
"crawls",1,1
"runs",1,1
"increase",1,1
"balls",2,2
"jaws",1,1
"twitching",1,1
"hungry",2,2
"teeth",2,2
"hardly",1,1
"stand",8,7
"leaps—but",1,1
"leaped",4,4
"pussy",1,1
"hopes",1,1
"juicy",1,1
"ripening",1,1
"bathed",1,1
"tongue",9,9
"hundred",2,2
"wings",6,6
"fled",2,2
"bill",1,1
"locked",1,1
"feathers",3,3
"wilted",2,2
"claws",1,1
"clung",1,1
"lifeless",1,1
"gloves",1,1
"indifferent",2,2
"hanging",1,1
"happy",9,9
"throat",2,2
"waiting",4,4
"poured",1,1
"gored",1,1
"assassin",2,2
"resembles",1,1
"outraged",1,1
"firing",1,1
"angels",3,3
"squandering",1,1
"miracles",1,1
"rat",1,1
"surrendered",1,1
"brief",4,4
"career",2,2
"cheer",2,2
"fraud",5,3
"ignominy’s",1,1
"addicted",1,1
"beware",2,2
"most",21,19
"obliging",1,1
"trap",1,1
"tendency",1,1
"snap",1,1
"resist",2,2
"temptation",1,1
"repugnantly",1,1
"resigned",1,1
"important",1,1
"population",1,1
"unnoticed",1,1
"dwell",6,6
"minute",4,4
"hell",6,6
"’twere",1,1
"useless",1,1
"bumblebees",1,1
"i'm",10,8
"expecting",1,1
"saying",2,2
"yesterday",5,3
"somebody",3,2
"frogs",1,1
"got",3,3
"week",1,1
"settled",2,2
"mostly",5,5
"clover",4,4
"warm",7,6
"thick",3,3
"get",5,5
"letter",3,3
"seventeenth",1,1
"better",12,11
"yours",3,3
"bees",3,3
"black",2,2
"gilt",1,1
"surcingles",1,1
"buccaneers",1,1
"buzz",2,2
"ride",3,3
"ostentation",1,1
"subsist",1,1
"fuzz",3,1
"contingent",1,1
"marrows",1,1
"jugs",1,1
"universe's",1,1
"honey",3,3
"lineage",1,1
"delay",1,1
"spangled",1,1
"journeys",1,1
"peak",1,1
"perceiveles",1,1
"tripoli",1,1
"essential",2,2
"11",5,5
"plank",2,1
"saved",2,2
"bee—",1,1
"personally",1,1
"knew—",1,1
"sinking",1,1
"’twixt",1,1
"billows",1,1
"circumference",6,6
"sweeping",1,1
"quatrain",3,3
"1890",1,1
"73",1,1
"idly",1,1
"swaying",1,1
"responsible",1,1
"naught",7,6
"freight",5,5
"bumblebee",2,2
"harrowing",1,1
"event",3,3
"transpiring",1,1
"wring",1,1
"41",1,1
"alas",2,2
"i”",2,2
"silken",1,1
"specious",2,2
"shoe",3,3
"traitor",1,1
"newest",2,2
"continually",1,1
"suit",5,4
"chance",9,9
"troth",3,3
"term",2,2
"protracted",1,1
"ban",1,1
"propoundeth",1,1
"divorce",2,2
"toss",3,3
"incessantly",2,2
"fleeing",1,1
"avenging",1,1
"dooms",1,1
"balm",7,7
"carriage",1,1
"boldly",2,2
"combinedly",1,1
"alighting",2,2
"equipage",2,2
"frank",1,1
"tranquillity",1,1
"withholding",1,1
"crescent",2,2
"cupidity",1,1
"consummated",2,2
"remained",2,1
"humility",1,1
"least",10,10
"brew",1,1
"honey’s",1,1
"weight",3,3
"multiply",1,1
"content",6,6
"fraction",2,2
"quantity",1,1
"oriental",2,2
"exhilarate",2,2
"filling",1,1
"fatigued",1,1
"allures",1,1
"jaded",1,1
"lowly",1,1
"intoxicated",1,1
"surpassing",1,1
"revelry",1,1
"spends",1,1
"luscious",1,1
"revery",2,2
"recounting",1,1
"nectars",1,1
"known",9,8
"attars",1,1
"failed",5,5
"honeys",1,1
"spared",2,2
"hungers",1,1
"attain",2,2
"beetles",1,1
"love",32,25
"eminence",1,1
"drives",2,2
"ponderous",2,2
"perpendicular",1,1
"figure",2,2
"terror",5,5
"jeopardy",1,1
"depositing",1,1
"thunder",1,1
"hoists",1,1
"bomb",2,2
"ceiling",1,1
"improving",1,1
"nerves",2,2
"progressive",1,1
"conjecture",5,5
"flourishing",1,1
"discreet",2,2
"supplied",4,4
"entomology",2,2
"charm",2,2
"waltzed",1,1
"espied",1,1
"caught",6,6
"missed",3,3
"footing",2,2
"both",8,8
"wrecked",2,2
"surviving",1,1
"biography",2,2
"example",1,1
"monition",1,1
"12",4,3
"butterfly’s",1,1
"numidian",1,1
"gown",4,4
"spots",1,1
"burnish",1,1
"roasted",1,1
"proof",3,3
"prone",1,1
"shut",8,7
"fan",2,2
"languid",1,1
"lean",5,5
"undone",6,5
"moth",1,1
"candles",1,1
"brazil",1,1
"reddest",1,1
"pale",1,1
"fond",1,1
"trinkets",1,1
"girl",5,5
"153",1,1
"slim",1,1
"palace",1,1
"dust",14,14
"relegates",1,1
"realm",4,4
"loyal",1,1
"exody",1,1
"befallen",1,1
"burdock",1,1
"twitched",1,1
"burdock's",2,1
"bog",1,1
"affronts",1,1
"else",5,5
"bogs",1,1
"splashing",1,1
"minnows",1,1
"despise",3,3
"elephant's",1,1
"calm",3,3
"smaller",5,4
"pasture",1,1
"passing",1,1
"crumb—",1,1
"barns",1,1
"ignorant",5,5
"extemporaneous",1,1
"stalls",1,1
"abhorrence",1,1
"walls",2,2
"reserving",2,2
"presumption",4,4
"descend",1,1
"gallop",2,2
"furniture",2,2
"odiouser",1,1
"offend",1,1
"peculiar",1,1
"calling",1,1
"unqualified",1,1
"judge",3,3
"remand",1,1
"justify",3,3
"scourge",1,1
"owl",2,1
"i've",3,3
"father",10,9
"owls",1,1
"oaks",2,2
"here's",1,1
"slanted",1,1
"path",1,1
"barn",3,3
"serve",2,2
"midnight—let",1,1
"select",2,2
"favorite",2,2
"refrain",1,1
"spider",2,2
"unperceiv^d",1,1
"hands",9,9
"dancing",1,1
"yarn",1,1
"unwinds",1,1
"plies",1,1
"trade",1,1
"supplants",2,2
"tapestries",1,1
"period—",1,1
"hour",10,10
"rear",1,1
"theories",1,1
"dangle",2,2
"housewife's",1,1
"broom",2,2
"sophistries",1,1
"forgot",12,11
"many",16,15
"keys",1,1
"peninsula",1,1
"fact",7,6
"land",4,4
"cricket",2,2
"utmost",4,4
"elegy",1,1
"ether",1,1
"hood",1,1
"sit",2,2
"head—",1,1
"millinery",1,1
"supple",2,2
"sagacious",1,1
"god—",1,1
"slip",5,5
"dandelion's",1,1
"expires",1,1
"castanet",1,1
"struck",2,2
"muff",1,1
"tippet",1,1
"ignores",1,1
"infidel",1,1
"swarthy",2,2
"lotus",1,1
"chestnut",2,2
"sable",1,1
"line—",1,1
"solitary",1,1
"design",4,4
"apparent",1,1
"action",2,2
"maintain",2,2
"meets",1,1
"nearer",5,5
"gives",1,1
"passer-by—",1,1
"shadow",1,1
"haply",4,4
"theirs",2,2
"general",4,4
"plan",3,2
"severally",1,1
"promote",1,1
"antiquated",3,3
"cherished",3,3
"crow",1,1
"junior",2,2
"foliage",2,2
"disrespectful",1,1
"venerable",1,1
"corporation",1,1
"decorate",1,1
"oblivion’s",3,2
"consulate",1,1
"fits",3,3
"umber",1,1
"tailor",1,1
"nut",1,1
"combined",3,3
"raiment",1,1
"dream",8,8
"spun",1,1
"auburn",1,1
"cloth",1,1
"computed",1,1
"girth",1,1
"ag£d",2,2
"grows",6,6
"primeval",1,1
"clothes",2,2
"wise",5,5
"accomplished",1,1
"surprise",9,8
"countryman",1,1
"saucer",2,1
"sordid",2,2
"squirrel’s",1,1
"estimate",4,4
"loaf",2,2
"table",3,3
"demands",1,1
"king",3,3
"dining-room",1,1
"swing",3,3
"lips",11,11
"flashing",1,1
"dines",1,1
"birmingham",1,1
"eclipse",2,2
"convicted",3,3
"minutiae",1,1
"flies",1,1
"integrity",1,1
"customary",1,1
"trinket",1,1
"confer",2,2
"helps",2,2
"stimulate",2,2
"lovers",1,1
"afar",2,2
"various",3,2
"taste",4,4
"clematis",1,1
"journeying",1,1
"presents",2,2
"curl",1,1
"electric",2,2
"hair",13,10
"gentian",2,2
"parched",1,1
"azure",2,2
"dried",1,1
"buoyant",1,1
"juices",1,1
"beatified",1,1
"vaunt",1,1
"casual",1,1
"benign",1,1
"isolate",1,1
"bond",2,2
"fill",6,6
"fringed",1,1
"abundant",1,1
"lot",3,3
"truth",10,8
"declare",1,1
"fidelity",1,1
"gain",7,6
"creation",4,3
"o'er",2,2
"absorb",1,1
"flame",3,3
"aware",1,1
"added",2,2
"struggle",1,1
"capacity",2,2
"contain",4,4
"always",9,9
"contents",1,1
"giant",5,4
"room",7,7
"lodge",1,1
"lesser",4,4
"child",11,11
"troubled",2,2
"deciding",1,1
"heavens",4,3
"weighed",1,1
"bolt",2,2
"prove",9,8
"giants",1,1
"understand",4,4
"problems",1,1
"solve",1,1
"algebra",1,1
"easier",3,3
"simpler",2,2
"proved",2,2
"sorer",2,2
"puzzled",2,2
"break",3,3
"tumble",2,2
"given",8,8
"gods",3,3
"dare",14,13
"eat",2,2
"sleep",7,7
"words",8,8
"“rich,”",1,1
"hurrying",1,1
"school",6,6
"streets",1,1
"rich",6,4
"gold",9,7
"bars—",1,1
"bold",10,10
"parasol",2,2
"umbrella’s",1,1
"daughter",1,1
"associates",1,1
"abuts",1,1
"abridges",1,1
"assists",3,3
"siren",1,1
"serene",3,3
"display",2,2
"latter",2,2
"sire",2,2
"honored",2,2
"borrowed",1,1
"angle",1,1
"landscape",2,2
"curtain",1,1
"wall",2,2
"ample",5,5
"crack",1,1
"venetian",1,1
"accosts",1,1
"open",3,3
"bough",2,1
"apples",1,1
"slanting",1,1
"forehead",2,2
"vane’s",1,1
"forefinger—",1,1
"that’s",2,2
"shift",1,1
"picture",2,2
"emerald",2,2
"emeralds",1,1
"diamonds",3,3
"polar",2,2
"caskets",1,1
"fetched",1,1
"steeple’s",1,1
"finger",3,3
"live",21,20
"farmers",2,2
"hoe",1,1
"amherst",1,1
"wear",10,10
"shoes",1,1
"eden",7,5
"pleasant",1,1
"won't",9,5
"scold",2,2
"we’re",2,2
"sure",9,5
"there’s",3,3
"person",3,3
"nurse",1,1
"calls",1,1
"“die",1,1
"shan’t",1,1
"walk",5,5
"jasper",2,2
"barefoot",8,6
"ransomed",3,3
"folks",1,1
"won’t",1,1
"laugh",2,2
"maybe",1,1
"ain’t",1,1
"don’t",7,6
"cry",8,6
"tim",8,1
"prevent",1,1
"hide",5,5
"condescend",1,1
"brown",2,2
"“tim",1,1
"high!”",1,1
"shake",1,1
"hymn",2,2
"“please",1,1
"sir",7,7
"way!”",1,1
"clergymen",1,1
"arrange",1,1
"simultaneous",1,1
"crown",6,6
"palm-leaf",1,1
"ermine",5,5
"faded",4,4
"jacket's",2,1
"crest",2,2
"bore",10,10
"pocket",1,1
"stately",5,4
"earl",4,3
"marquis",1,1
"’twas",10,8
"czar",1,1
"petite",1,1
"pope",1,1
"kind",6,6
"horse",3,3
"freckled",3,3
"monarch",1,1
"rein",2,2
"doubtless",5,4
"estimable",1,1
"disposed",1,1
"wagon",2,2
"presume",5,5
"vehicle",1,1
"transported",1,1
"ragged",3,3
"princes",1,1
"partook",2,2
"excursion",1,1
"sovereigns",1,1
"question",3,3
"coach",3,3
"footmen",1,1
"significance",2,2
"124",2,1
"18",5,4
"1893",1,1
"56",1,1
"dog",6,5
"wags",1,1
"tail",1,1
"reminded",1,1
"gambols",1,1
"living",7,7
"honestly",1,1
"cat",2,2
"corner",1,1
"dwells",3,3
"mouse",4,4
"tradition",2,2
"desireless",1,1
"class",1,1
"remind",2,2
"neither",12,10
"please",4,3
"“a",5,4
"bit",1,1
"beseech",1,1
"pull",1,1
"stockings",1,1
"wading",1,1
"water",6,5
"disobedience",1,1
"sake",3,3
"lived",6,6
"“or'ter",1,1
"didn’t",3,3
"moses",3,3
"wasn't",2,1
"fairly",1,1
"used—",1,1
"ananias",1,1
"blackberry",2,1
"wears",1,1
"thorn",1,1
"offers",1,1
"partridge",1,1
"fence",3,2
"struggles",1,1
"clasps",1,1
"rock",2,2
"sympathy",1,1
"hurt",3,3
"mourner",2,2
"farther",4,4
"climbs",1,1
"instead—",1,1
"abraham",3,1
"kill",2,2
"distinctly",1,1
"isaac",2,1
"urchin",1,1
"hesitation",1,1
"flattered",1,1
"tyranny",2,2
"demurred",1,1
"tale",5,5
"moral",1,1
"mastiff",1,1
"manners",2,2
"strawberries",1,1
"grow",7,7
"climb",4,3
"tried",8,8
"know—",2,2
"berries",4,4
"stained",1,1
"apron",1,1
"certainly",3,3
"he'd",1,1
"spotted",3,3
"tears",4,4
"infant",1,1
"cicatrice",1,1
"years",16,14
"crumpled",1,1
"cheek",2,2
"kiss",1,1
"flake",3,3
"divided",1,1
"redbreast",1,1
"mother",3,3
"grave",20,18
"brethren",1,1
"commonwealth",2,1
"alive",9,5
"trudging",3,2
"looking",4,4
"backward",3,3
"somebody's",1,1
"lisped",2,2
"“trotwood.”",1,1
"belong",3,3
"comfort",3,3
"couldn’t",3,3
"weep",1,1
"smiling",6,5
"acquaintance",2,2
"baby",1,1
"hear",14,13
"’em",2,2
"hunt",1,1
"fox",1,1
"hound",3,3
"dull",10,10
"dirty",1,1
"freely",1,1
"mine—",4,4
"won",2,2
"bun—",1,1
"shrine",1,1
"eligibly",1,1
"sees",2,2
"visage",1,1
"knees",1,1
"syllables",1,1
"day's",3,3
"adventures",1,1
"groups",1,1
"continents",1,1
"feeds",2,2
"rarer",1,1
"intervals",1,1
"demur",2,2
"meekly",1,1
"recognize",2,2
"gulf",1,1
"crumbless",1,1
"fainting",1,1
"knee",3,3
"fall",4,4
"mama",1,1
"forgets",2,2
"looks",4,4
"often",10,10
"tenderly",2,2
"nest",2,2
"cunning",3,3
"wove",1,1
"either",4,4
"“sparrows",1,1
"fall”",1,1
"“notices”",1,1
"young",2,2
"cousins",1,1
"louisa",1,1
"fanny",1,1
"norcross",1,1
"17",3,2
"i860",1,1
"counts",1,1
"tract",1,1
"cipherless",1,1
"teach",3,2
"ten",4,4
"peevish",2,2
"acquire",1,1
"numerals",1,1
"dowered",1,1
"adorning",1,1
"rule",3,2
"slate",1,1
"pencil",6,6
"distracts",1,1
"children’s",1,1
"eternal",2,2
"regards",1,1
"cipher",1,1
"alike",4,4
"leader",1,1
"urchin's",1,1
"sum",6,6
"beggar",6,5
"lad",3,3
"dies",4,4
"it’s",7,5
"somewhat",7,5
"cold",6,6
"world—",2,1
"cruel",2,2
"bowing",1,1
"cambric",1,1
"timid",3,3
"“bread",1,1
"redeemed",1,1
"sleet",2,2
"bitter",1,1
"childish",1,1
"teased",2,2
"pence",1,1
"adoring",1,1
"supplicate",1,1
"graves",2,2
"isn’t",1,1
"besides",6,6
"isn't",1,1
"slants",1,1
"fearing",2,2
"hearts",3,3
"drop",11,11
"crush",1,1
"move",5,5
"enemies",1,1
"occasionally",2,2
"ribbons",1,1
"brocade",1,1
"worn",3,3
"party",4,4
"flung",1,1
"bead",1,1
"wrinkled",3,3
"pearl—",1,1
"charge",2,2
"vanity",1,1
"maker’s",1,1
"i’m",4,3
"getting",1,1
"“day”",1,1
"draw",1,1
"hearing",2,2
"i’ll",11,9
"orchards",4,4
"pretense",1,1
"really",1,1
"whether",7,7
"buttercups",1,1
"skim",1,1
"skip",2,1
"lea",1,1
"tree—",1,1
"let’s",1,1
"flakes",1,1
"14",4,3
"counted",1,1
"danced",1,1
"slippers",1,1
"rebels",1,1
"jolly",1,1
"resign",1,1
"prig",1,1
"marshaled",1,1
"jig",1,1
"title",2,2
"mob",2,2
"ihe",1,1
"police",1,1
"suppress",1,1
"certified",2,2
"signified",1,1
"growing",3,3
"hurricane",2,2
"congenial",1,1
"true",10,8
"’twas—",2,2
"forget",10,8
"heavenly",5,4
"esteem",3,3
"conferred",1,1
"owe",1,1
"forgive",6,4
"starved",3,3
"dine",2,2
"food's",1,1
"necessity",2,2
"claw",2,2
"remove",3,3
"coax",2,2
"leech",2,2
"dragon",1,1
"dinner",1,1
"mightier",1,1
"gad",1,1
"being",10,10
"cried",1,1
"pity",3,3
"pain",13,12
"woman",3,3
"“poor",1,1
"voic",1,1
"fainted",1,1
"health",2,2
"laughter",2,2
"toy—",1,1
"‘‘rich",1,1
"people”",1,1
"parcel",1,1
"rolled",1,1
"carried",3,3
"gold—",1,1
"wish",5,3
"slightest",1,1
"lamp",2,2
"book",5,4
"geranium",1,1
"stationed",2,2
"catch",3,3
"mint",1,1
"ceased",5,5
"basket",3,3
"addressed",2,2
"bear",13,13
"aloud",2,2
"racket",1,1
"shamed",1,1
"anyone",2,2
"noteless",1,1
"bereft",1,1
"lurked",1,1
"notwithstanding",3,3
"stole",1,1
"bemoaning",1,1
"prince",1,1
"cast",2,2
"elder",1,1
"session",1,1
"wiser—",1,1
"fainter",2,2
"wiseness",1,1
"is—",2,2
"searching",2,2
"delinquent",1,1
"palaces",1,1
"suspicion",2,2
"touches",2,2
"oppositely",1,1
"site",1,1
"kingdom",1,1
"reluctant",2,2
"reticence",3,3
"deliberately",1,1
"crawled",1,1
"visitor",1,1
"hurriedly",1,1
"revisiting",1,1
"late",6,6
"abode",4,4
"articles",1,1
"quietly",1,1
"assumed",2,2
"gymnasium",1,1
"tax",1,1
"inmates",1,1
"perpetual",4,4
"lawful",1,1
"heir",1,1
"strike",3,3
"seize",1,1
"according",3,3
"statute",1,1
"learned",3,3
"redress",1,1
"offense",1,1
"larceny",1,1
"marrow",1,1
"spider—or",1,1
"forbid",1,1
"specify",1,1
"cars",1,1
"affronted",2,2
"gilded",1,1
"seconds",3,3
"by—",1,1
"slowest",1,1
"instant",10,9
"ends",1,1
"pendulum",1,1
"begins",2,1
"scholars",2,2
"steps",4,4
"hall",2,2
"violin",1,1
"read",2,2
"telegrams",1,1
"chief",4,4
"stocks",1,1
"advance",2,2
"retrograde",2,2
"markets",1,1
"weather",1,1
"rains",1,1
"counties",1,1
"null",1,1
"sweeter",2,2
"life's",4,4
"bundle",1,1
"steep",1,1
"discouragement",1,1
"withhold",2,2
"step",4,4
"older",1,1
"hope",9,9
"prompted",1,1
"spotless",1,1
"proposed",1,1
"accepted",1,1
"homelessness",1,1
"maelstrom",2,2
"laps",1,1
"navies",1,1
"vulture",1,1
"forces",6,5
"broods",1,1
"lonely",2,2
"tiger",2,2
"eased",2,2
"fasts",1,1
"dainty",1,1
"adorned",1,1
"tissues",1,1
"partakes—his",1,1
"cooled",1,1
"morsel",1,1
"fiercer",1,1
"dates",1,1
"cocoa",1,1
"nutrition",2,2
"mean—",1,1
"famine",2,2
"deem",3,3
"supper",1,1
"torrid",1,1
"lonelier",1,1
"seen—",1,1
"expiation",1,1
"omen",2,2
"bone",5,5
"tremendous",2,2
"nearness—",1,1
"probed",2,2
"borrow",1,1
"haggard",1,1
"springs",1,1
"belief",6,5
"somewhere",4,4
"creature",4,4
"plucked",2,2
"partition",2,2
"pry",2,2
"horror’s",1,1
"twin",1,1
"opposing",2,2
"cells",1,1
"strove",4,3
"clasp",2,2
"luxury",4,4
"pitied",1,1
"riches",2,2
"numbered",1,1
"preceding",1,1
"earn",6,6
"perceiveless",2,2
"sold",2,2
"store",2,2
"“didst",1,1
"thou?”",1,1
"“thou",2,2
"didst",1,1
"mean,”",1,1
"prohibit",1,1
"minutest",1,1
"dower",6,6
"unfrequented",1,1
"deserving",1,1
"embarrasses",1,1
"infamy",5,5
"meed",1,1
"scanty",2,2
"toy",1,1
"bought",1,1
"immortality",12,10
"chiefly",3,3
"conceit",2,2
"purchasing",1,1
"griefs",1,1
"they’d",1,1
"awayl",1,1
"joys",2,2
"happens",1,1
"drunkard",1,1
"cork",1,1
"encountering",1,1
"january",1,1
"jamaicas",1,1
"remembrance",3,2
"reeling",1,1
"in—",1,1
"moderate",1,1
"drinker",1,1
"deserve",1,1
"juleps",1,1
"jug",2,2
"connoisseur",1,1
"liquors",2,2
"consults",1,1
"equally",7,6
"stated",3,3
"wed",2,2
"vision",4,4
"lifetime",2,2
"wearied",1,1
"overtaken",1,1
"carrying",1,1
"sign",1,1
"futures",1,1
"cottage",2,2
"faced",1,1
"oceans",1,1
"led",4,4
"crowned",1,1
"showing",1,1
"illegitimate—",1,1
"smile’s",2,2
"bestowing",1,1
"importunate",1,1
"guinea",2,2
"robin’s",2,2
"larder",1,1
"stow",1,1
"196",1,1
"precious",3,2
"fashion",2,2
"dared",1,1
"tress",1,1
"buttercup's",1,1
"array",2,2
"obscures",1,1
"appeased",2,2
"numbers",1,1
"empery",1,1
"remembered",8,8
"milliner's",1,1
"everlasting",6,6
"confronts",1,1
"dazzled",1,1
"golden",5,4
"diving",1,1
"string",1,1
"necklace",1,1
"tiaras",1,1
"hem",2,2
"loop",2,2
"countess",1,1
"diadem",3,3
"mend",2,2
"hoard",1,1
"doubt",9,9
"court",2,2
"ornament",2,2
"women",2,2
"breathe",4,4
"meek",2,2
"impeach",1,1
"wealth",3,3
"wonderful",2,2
"banish",3,3
"wastes",1,1
"incredulous",2,2
"aught",2,2
"blank—and",1,1
"wilderness",6,5
"night—",1,1
"misery",5,5
"compact",1,1
"hopeless",1,1
"absolved",1,1
"other—therefore",1,1
"reign",1,1
"pinions",2,2
"traverse",1,1
"broader",1,1
"forests",3,3
"gayer",1,1
"boughs",1,1
"modern",1,1
"god's",1,1
"old-fashioned",2,2
"vows",1,1
"birdling",1,1
"bosom",3,3
"story",3,3
"coffin",2,2
"instead",3,3
"longer",2,2
"stronger",1,1
"fault",1,1
"lip",6,5
"liar",1,1
"remember",3,3
"sad",1,1
"adversity",2,2
"recollecting",2,2
"making",2,2
"difficult",3,3
"her—",2,2
"remoteness",1,1
"traveled",1,1
"alien",2,2
"adjoining",2,2
"foreign",5,5
"race",3,3
"traversed",1,1
"pausing",3,3
"latitudeless",1,1
"elements",1,1
"unaltered",1,1
"love’s",2,2
"transmigration—",1,1
"somehow",1,1
"henceforth",1,1
"paid",2,2
"penury",2,2
"toils",1,1
"freedom",1,1
"family",1,1
"restitution",1,1
"idolatry",2,2
"mile",1,1
"equator",1,1
"whoever",1,1
"disenchants",1,1
"failure",1,1
"irreverence",1,1
"guilty",2,2
"graphic",1,1
"caviler",1,1
"insinuates",1,1
"fullest",1,1
"expends",1,1
"owns",1,1
"worth",3,3
"fathoms",3,3
"obtains",2,2
"ruin",2,2
"wreck",1,1
"built",3,3
"dread",2,2
"planned",1,1
"foundering",1,1
"ostensibly",1,1
"admitting",1,1
"wide",3,2
"beside",9,9
"closing",3,3
"opened",1,1
"sovereign",2,2
"carpenter",1,1
"borne",8,8
"newer",2,2
"finding",1,1
"expedition",1,1
"fleece",1,1
"fourth",2,2
"discovery",3,3
"fifth",2,2
"finally",2,2
"fleece—",1,1
"jason",1,1
"sham",2,2
"glory—that",1,1
"do—",1,1
"honor",4,4
"fames",1,1
"invite",2,2
"“nay,”",1,1
"shape",4,4
"deforming",1,1
"dwindling",1,1
"gulfing",1,1
"possibility",2,2
"arts",1,1
"learn",3,3
"died",6,6
"acquisition",1,1
"sacrifice",1,1
"science",1,1
"wiser",3,3
"globe",1,1
"logarithm",1,1
"“how",3,3
"erudite",1,1
"planet",1,1
"telescopes",1,1
"invention",1,1
"patent",1,1
"rabbi",1,1
"confident",2,2
"symptoms",1,1
"goals",1,1
"aims",2,2
"yesterday—",1,1
"today’s",1,1
"competent",1,1
"awkward",4,4
"fif",1,1
"proves",1,1
"outgrown",1,1
"gained",2,2
"diminution",2,2
"discipline",1,1
"rigor",1,1
"unrelieved",1,1
"wanted",1,1
"begone",1,1
"tooth",2,2
"palate",3,3
"famished",1,1
"food",3,2
"increased",1,1
"abjured",1,1
"subsisting",2,2
"bells",10,8
"affright",1,1
"scrabble",1,1
"nimble",1,1
"gentlemen",1,1
"forced",1,1
"rooms",3,3
"tired",5,5
"placid",1,1
"centuries",7,6
"noon—",1,1
"pater",1,1
"view",2,2
"father's",1,1
"factories",1,1
"scare",2,2
"crier's",1,1
"ghent",1,1
"ring",5,5
"impel",1,1
"bewildered",2,2
"riddle",3,3
"shells",1,1
"coast",1,1
"mistaking",1,1
"happening",1,1
"ages",1,1
"entertain",2,2
"“wherefore",1,1
"murmured",2,2
"need",13,13
"“therefore",1,1
"responded",1,1
"consulting",1,1
"summer's",2,2
"clock",4,4
"remain",5,5
"shock",1,1
"muffle",1,1
"jest",1,1
"tied",2,2
"escapes",1,1
"specters",1,1
"scents",1,1
"pastures",2,2
"retaken",2,2
"paul",1,1
"silas",1,1
"prison",1,1
"security",1,1
"insures",1,1
"assaulted",1,1
"minds",3,3
"staple",1,1
"immortal",3,3
"binds",2,2
"escape”",1,1
"thankful",1,1
"wordl",1,1
"consider",1,1
"citadel",3,3
"escape”—it",1,1
"battlement",1,1
"savior",2,2
"trusty",1,1
"word",11,10
"escaping",3,2
"perceive",7,7
"forward",2,2
"confront",1,1
"embrace",1,1
"retreating",2,1
"billow's",1,1
"blinded",1,1
"undermining",1,1
"hairbreadth",1,1
"’scape",1,1
"tingles",2,2
"paragraphs",1,1
"reaches",1,1
"tentacles",1,1
"223",1,1
"attacks",1,1
"picturesquel",1,1
"soldier",1,1
"turns",6,6
"satirist",1,1
"gun",2,2
"i'd",3,3
"shoot",1,1
"deprived",3,2
"banquet",2,2
"entertained",1,1
"scant",2,2
"insufficient",2,2
"slender",1,1
"addings",1,1
"esteemed",3,3
"sumptuous",5,5
"able",3,3
"reserve",1,1
"acquaintances",2,2
"rude",1,1
"although",4,4
"celestial",3,3
"constant",1,1
"reverential",3,3
"courtesy",2,2
"company",5,5
"wars",1,1
"books",1,1
"foe",2,2
"hesitated",1,1
"chose",2,2
"neglecting",1,1
"chums",1,1
"playmates",2,2
"threescore",1,1
"scarcity",1,1
"walks",1,1
"works",1,1
"stormy",1,1
"prosperity",2,2
"rumor’s",1,1
"gate",4,4
"prognostic’s",1,1
"push",4,4
"dent",1,1
"thereon",1,1
"crucifix",3,3
"enables",1,1
"vital",4,4
"thing—",1,1
"them—came",1,1
"body",3,3
"detected",1,1
"kernel",1,1
"“old",1,1
"knowest",1,1
"eternity",17,17
"15",3,3
"slightly",3,3
"form",2,2
"draft",2,2
"colonel",2,2
"higginson",2,2
"wretched",1,1
"exult",1,1
"mercy's",1,1
"hollows",1,1
"eager",2,2
"pages",1,1
"pathetic",2,2
"histories",1,1
"complained",1,1
"unobtrusive",1,1
"endured",3,3
"unhelped",1,1
"marksman",1,1
"endures",1,1
"coeval",2,2
"bears",4,4
"fresh",1,1
"repetition",1,1
"son—the",1,1
"ones",5,5
"linger",1,1
"subscribe",1,1
"tear",3,3
"bare",5,5
"presence",2,2
"ducal",2,2
"gessler",1,1
"bethought",1,1
"target—",1,1
"surpasses",3,3
"stolid",4,4
"entreaty",1,1
"forsook",1,1
"mercy",1,1
"almighty",1,1
"begging",3,3
"replies",1,1
"meant",1,1
"elizabeth",1,1
"essex",2,1
"clemency",1,1
"deity",5,5
"survive",3,3
"secondary",1,1
"succor",1,1
"trust",7,7
"suing",1,1
"reprieving",1,1
"wolfe",2,1
"demanded",1,1
"“which",1,1
"day?”",1,1
"“general",1,1
"british.”",1,1
"“easy,”",1,1
"answered",2,2
"“to",2,2
"die.”",1,1
"montcalm",1,1
"rendered",2,2
"“sweet,”",1,1
"surrender",2,2
"liberty’s",1,1
"forestall.”",1,1
"astronomer",1,1
"stops",2,2
"seeking",3,3
"pleiad's",1,1
"lone",1,1
"british",2,2
"16",2,2
"arctic",2,2
"covenant",2,2
"needle",3,3
"sailor",2,2
"doubting",1,1
"amply",1,1
"means",3,3
"malay",1,1
"feared",2,2
"unsanctified",1,1
"praying",1,1
"worthy",2,2
"destiny",3,2
"fellow",5,5
"swam",1,1
"jewel",3,2
"home—",1,1
"hut",1,1
"dusky",1,1
"deemed",4,4
"negro",1,1
"wooed",1,1
"jane",1,1
"widow",1,1
"john",1,1
"franklin",1,1
"naval",1,1
"hero",1,1
"1845",1,1
"sending",1,1
"expeditions",1,1
"sallow",1,1
"cow",2,2
"oblivion—",1,1
"statesman’s",1,1
"whistled",1,1
"extinct",2,2
"cows",1,1
"fed",1,1
"thanked",1,1
"remanded",1,1
"ballad’s",1,1
"clover’s",2,2
"retrospect",1,1
"fabrics",1,1
"everyone",1,1
"purchaser",1,1
"arduous",1,1
"darker",1,1
"starless",1,1
"receptacle",1,1
"bode",1,1
"dawn",6,6
"ditch",1,1
"drunken",1,1
"advocate",2,2
"edifice",4,4
"safe",4,4
"fallen",1,1
"disheveled",1,1
"sanctity",1,1
"oblivion",2,2
"enfolding",1,1
"tender",3,3
"outstripped",2,1
"bout",1,1
"unjaded",1,1
"challenged",1,1
"throne",2,2
"list",3,3
"proofs",1,1
"ineffable",1,1
"disgrace",1,1
"adoration",1,1
"plot",2,2
"whiter",2,2
"sperm",1,1
"sacred",3,3
"totters",1,1
"leaves—",1,1
"hears",1,1
"witnesses",1,1
"believes",3,3
"unworthy",2,2
"breast—",1,1
"scathing",1,1
"test",1,1
"exacting",1,1
"counterfeit",1,1
"eaves—",1,1
"unintending",1,1
"eyes—",1,1
"including",1,1
"innocent",1,1
"wrestle",1,1
"hold",6,6
"vanquished",1,1
"defeated",1,1
"feat",2,2
"fervor’s",1,1
"totter",1,1
"elderly",1,1
"purled",1,1
"generate",1,1
"livid",1,1
"loves",1,1
"features",5,5
"pace",2,2
"propitiate",1,1
"hoping",1,1
"vast",5,4
"glory’s",1,1
"overtakelessness",1,1
"running",1,1
"ton",2,2
"helped",2,2
"straighter",2,2
"hers",2,2
"error",2,2
"becomes",1,1
"enjoining",1,1
"pouting",1,1
"disseminated",1,1
"decade",3,2
"gathered",4,3
"impregnable",4,4
"inscrutable",11,8
"snows",2,2
"aurora",3,3
"process",3,3
"vitality",7,7
"maimed",1,1
"stone",5,5
"sportsman's",1,1
"ruthless",2,2
"pleasure—",1,1
"robbed",4,3
"bandit",1,1
"torn",1,1
"furthest",2,2
"any—",1,1
"nearest",1,1
"orchard",2,2
"dwelling",2,2
"slew",1,1
"witnessed",1,1
"rise",2,2
"other’s",2,2
"branches",1,1
"morning-glory",2,2
"carmine",1,1
"across",3,3
"blurs",1,1
"it—",2,2
"physician's",1,1
"room—",1,1
"parlor",2,2
"commonly",1,1
"visitors",2,1
"sidewise",2,2
"add",2,2
"“was",2,2
"stepped",1,1
"precise",1,1
"fitting",1,1
"marked",1,1
"girlhood's",1,1
"mistake",4,4
"try",8,7
"key",1,1
"twofold",1,1
"birth",1,1
"theel",3,3
"vacation",2,2
"failless",2,2
"rotation",1,1
"program",1,1
"aprils",1,1
"hueless",1,1
"blossoms",1,1
"negative",1,1
"conditions",1,1
"hum",4,4
"review",1,1
"enamored",1,1
"where'er",1,1
"ply",1,1
"staring",1,1
"port",2,2
"pause",5,5
"preside—",1,1
"omnipresence",1,1
"impending",1,1
"bride",3,3
"whistle",1,1
"sang",2,2
"whimpered",1,1
"taught",3,3
"say—",1,1
"provoking",1,1
"lover",4,3
"treatise",1,1
"flew",1,1
"strategy",1,1
"miseries",2,2
"halcyon",1,1
"happiness",2,2
"atone",1,1
"servant",1,1
"mingled",1,1
"silent",4,4
"contains—",1,1
"face—nothing",1,1
"plummet",1,1
"strain",4,4
"sounding",1,1
"shyly",1,1
"thoughtful",1,1
"alone—if",2,1
"skyl",1,1
"veiled",1,1
"drops",2,2
"himself—",1,1
"alphabet",1,1
"chapter",1,1
"book—",1,1
"closed",3,3
"other's",2,2
"diviner",3,3
"childhood's",1,1
"attempted",2,2
"expound",1,1
"wisdom",2,2
"manifold",1,1
"dipped",1,1
"beak",1,1
"drip",2,2
"pardon",1,1
"cochineal",1,1
"suffer",3,3
"poorest",3,3
"ballad",1,1
"faltering",1,1
"twists",1,1
"strings—",1,1
"twasn't",2,2
"blame—",1,1
"liturgies",1,1
"chorals",1,1
"repeat",1,1
"hallowed",2,2
"slower",3,3
"gloat",1,1
"twill",2,2
"starve",1,1
"abundance",1,1
"famish",1,1
"gallows",1,1
"weak",3,2
"lead",3,2
"’twasn't",1,1
"’twasn’t",1,1
"twasn’t",1,1
"cared",2,2
"knocked",1,1
"strongest",1,1
"knowing",4,3
"morning’s",1,1
"warming",1,1
"unknowns",1,1
"engulf",1,1
"possibler",1,1
"paused",3,3
"pound",1,1
"owner’s",1,1
"jarred",1,1
"dimples",1,1
"waited—if",1,1
"twinkled",1,1
"conviction",4,4
"“take",1,1
"courage",2,2
"time—",1,1
"homer",1,1
"wrestles",1,1
"locality",1,1
"offering",2,2
"sighs",1,1
"ocean",2,2
"smiles",2,2
"forgetting",3,3
"amphitrite",1,1
"pleads",1,1
"“me",3,3
"talked",2,2
"spoke—",1,1
"listening",1,1
"races",1,1
"hoofs",1,1
"front",1,1
"palsied",3,3
"compassion",1,1
"arks",1,1
"reprieve",3,3
"ararats",1,1
"changei",1,1
"alter",1,1
"flickers",1,1
"cordillera",2,2
"falsehood",1,1
"undermine",1,1
"pinned",3,3
"cedar",4,4
"fee",2,2
"monstrous",1,1
"interdicted",1,1
"him—charge",1,1
"speak",2,2
"plain!-—",1,1
"answer",3,3
"begun—nay",1,1
"midnight",4,3
"happened",1,1
"more—pardon",1,1
"magnitude—thou",1,1
"enlarge",1,1
"message",3,2
"pay",1,1
"rubies",1,1
"hesitate",2,2
"toldl",1,1
"higher",1,1
"disband",1,1
"conclude",1,1
"me—be",1,1
"fuller",1,1
"vase",1,1
"cargo",3,3
"outweighs",1,1
"india",2,2
"sing",3,3
"mandolin",1,1
"strikes",2,2
"slay",2,2
"chanting",2,2
"ripeness",1,1
"sentence",2,2
"manacle",1,1
"icicle",1,1
"tropic",1,1
"bridel",1,1
"blameless",1,1
"become",4,4
"unafraid",1,1
"alway",1,1
"robins",2,1
"crypts",1,1
"intrude",1,1
"bestow",2,2
"petals",1,1
"furze",1,1
"rearrange",1,1
"wife's",1,1
"affection",1,1
"dislocate",1,1
"amputate",1,1
"bearded",1,1
"blush",3,2
"fastness",1,1
"unacknowledged",1,1
"clay",2,2
"seven",1,1
"wifehood",1,1
"socket",1,1
"entrenched",1,1
"constancy",4,3
"awarded",1,1
"anodyne",1,1
"burden",1,1
"triumphant",1,1
"thorns",1,1
"it's",2,2
"bandaged",3,3
"keeper",3,3
"leads",3,3
"solemner",1,1
"modesty",1,1
"befits",1,1
"another's",1,1
"prayer",2,2
"gift",2,2
"munificence",1,1
"unadorned",1,1
"gratitude",4,4
"true—",1,1
"beautiful",5,5
"posture",1,1
"redeem",1,1
"i’ve",3,2
"failest",1,1
"tie",1,1
"spilled",1,1
"beyond",9,9
"boundary",1,1
"opposite",2,2
"ebbed",1,1
"unanswering",1,1
"wouldst",1,1
"pursue",2,2
"eddied",1,1
"so—overtaking",1,1
"failing",1,1
"glowing",1,1
"liberty",1,1
"jugular",1,1
"defenses",1,1
"afforded",1,1
"danger",1,1
"bounty",4,4
"suspense's",1,1
"vague",1,1
"calamity",1,1
"staking",1,1
"possession",3,3
"hair's",1,1
"seesawing",1,1
"coolly",2,2
"trying",2,2
"split",2,2
"carved",2,2
"bade",1,1
"faithful",2,2
"absence",4,4
"fireside",2,2
"drowns",1,1
"dip",1,1
"mornings",1,1
"guessed",1,1
"interrupt",5,5
"ripple",1,1
"theme",3,3
"task",1,1
"problem",1,1
"foolisher",1,1
"effect",2,2
"ruffle",1,1
"afternoons",1,1
"together",4,4
"spent",2,2
"lanes",1,1
"ministry",1,1
"poorer",1,1
"lives",8,8
"gains",1,1
"transmuted",1,1
"vivider",1,1
"afflicts",1,1
"host",3,3
"capsule",3,2
"accurate",1,1
"overlook",1,1
"track",1,1
"suspended",3,3
"detect—",1,1
"annihilate",1,1
"“life",2,1
"is”",1,1
"fictitious",3,3
"be”",1,1
"residence",3,3
"redeemer's",1,1
"doubts",1,1
"exchange",2,2
"curtailed",1,1
"obscuring",1,1
"also",5,5
"reprehend",1,1
"whoso",1,1
"commute",1,1
"priceless",1,1
"“god",2,2
"love”",1,1
"jealous",3,3
"tells",1,1
"“all",2,2
"possible”",1,1
"concedes",1,1
"refund",1,1
"confiscated",1,1
"dickinson",3,3
"genevieve",1,1
"taggard",2,1
"1930",1,1
"three",7,5
"copies",2,2
"respects",1,1
"identical",1,1
"severer",1,1
"hastened",1,1
"demand",1,1
"vacuum",1,1
"worried",1,1
"fatigue",1,1
"retinue",1,1
"clog",2,2
"affliction",3,3
"braced",1,1
"stratagem",1,1
"confirm",3,3
"drug",1,1
"consciousness",10,9
"pharmacy",1,1
"being’s",2,2
"malady",1,1
"penniless",3,3
"begs",1,1
"sustenance",1,1
"dregs",1,1
"“you",1,1
"true,”",1,1
"broken",3,3
"goliah—so",1,1
"contemplate",2,2
"declines",1,1
"considered",2,2
"raised",3,3
"hovered",2,2
"century",2,2
"ratified",1,1
"economical",1,1
"midas",1,1
"sparks—diverging",1,1
"flints",1,1
"parted",2,2
"central",1,1
"flint",2,1
"cloven",1,1
"adze",1,1
"sick",1,1
"twine",1,1
"thinking",2,2
"breaking",1,1
"unspoken",1,1
"suffices",1,1
"brig",1,1
"tossing",1,1
"rather",5,4
"mooring",1,1
"unshared",1,1
"unladen",1,1
"spicy",2,2
"isles",1,1
"hazel",1,1
"shutting",1,1
"obscured",2,2
"arise",1,1
"distinguished",2,2
"daylight",1,1
"mar",1,1
"perfectness",2,2
"ago",6,5
"jots",1,1
"spell",4,3
"can't",2,2
"was't",2,1
"anniversary",1,1
"feed",1,1
"meal",1,1
"banquet's",1,1
"real",5,5
"tasted",1,1
"careless",1,1
"thirst",3,3
"blister",1,1
"acorn’s",1,1
"fondness",2,2
"shaggier",1,1
"acorn",1,1
"twelve",1,1
"months",1,1
"breathed",3,2
"patientest",1,1
"“elder”",1,1
"certain",3,3
"birthday",1,1
"decay",3,3
"erred",1,1
"accuse",1,1
"farthings",1,1
"beggar’s",1,1
"guineas",1,1
"samuel",1,1
"bowles",1,1
"broad",1,1
"pleasure",4,4
"you’d",2,2
"spoken",1,1
"trivial",2,1
"you'd",2,1
"shan't",1,1
"crests",1,1
"eagles",1,1
"buckles",1,1
"belt",2,2
"gown—",1,1
"smiled",1,1
"everyday",1,1
"christ",1,1
"peter",2,1
"warmed",1,1
"temple",1,1
"him?”",1,1
"quoth",1,1
"damsel",1,1
"“no,”",1,1
"“",2,2
"me.”",2,2
"merely",4,4
"peter—",1,1
"troubles",1,1
"ripe",2,2
"eggs",1,1
"maple",1,1
"a-chirrup",1,1
"hangs",3,3
"buttercup",1,1
"pockets",1,1
"jocund",1,1
"’twouldn't",1,1
"afflict",1,1
"goods",2,2
"fly—so",1,1
"wherefore",1,1
"perennial",1,1
"guilt",1,1
"doom",6,6
"base",3,3
"’most",1,1
"love’s—now",1,1
"disobey",1,1
"dunce",1,1
"best—",1,1
"wouldn’t",1,1
"forfeit",4,2
"exile",1,1
"umpire",1,1
"offended",1,1
"i’d",1,1
"diel",1,1
"“remember",1,1
"shalt",3,3
"thyself",1,1
"implore",1,1
"“that",3,3
"empire",2,2
"czars",1,1
"i—",2,2
"royalty",2,2
"intercede",1,1
"thee!”",1,1
"numb",3,3
"paralysis",1,1
"perfecter",1,1
"nerve",3,3
"marble",2,2
"breathing",2,2
"dumb",2,2
"sort",3,3
"smote",1,1
"instincts",1,1
"dance",4,3
"caper",1,1
"aptitude",1,1
"wrought",1,1
"carrara",1,1
"chiseled",1,1
"witchcraft",3,2
"somewhere—motion",1,1
"breath—",1,1
"shiver",1,1
"satisfied",2,2
"all—how",1,1
"blank",3,3
"clocks",1,1
"sunshine",3,3
"pinched",1,1
"grief",6,2
"deaf",1,1
"signs",1,1
"couldst",1,1
"waded",2,2
"calvary",2,2
"♦",3,3
"seem",2,2
"eagerness",2,2
"outvisions",1,1
"ill",1,1
"endure",2,2
"assure",2,2
"ungracious",1,1
"thou'd",1,1
"accused",1,1
"tribunal",1,1
"sentenced",1,1
"distinction",1,1
"partake",2,2
"tenant",1,1
"permit",2,2
"housewife",1,1
"attendance",1,1
"contenteth",1,1
"hast",2,2
"achieve",6,6
"ere",4,4
"be—",1,1
"gates",1,1
"blazed",1,1
"gazing",1,1
"peered",1,1
"fleeces",1,1
"banished",1,1
"now—you",1,1
"savior's",1,1
"merest",1,1
"greek",1,1
"costlier—",1,1
"offer",3,3
"trifle",1,1
"living—this",1,1
"include",2,2
"multifold",1,1
"respite",2,2
"dead",16,14
"chasm",2,2
"mention",2,2
"fissure",1,1
"gaping",1,1
"sides",1,1
"disclose",1,1
"tomb",6,6
"ourself",2,2
"lying",1,1
"straight",4,4
"wherein",1,1
"contained",4,3
"darling",1,1
"bolder",2,2
"turbulent",1,1
"tempted",1,1
"stitch",1,1
"yielding",1,1
"burial",1,1
"before—",1,1
"ready",1,1
"depart",3,3
"glory—",1,1
"owned",3,3
"sea—",2,2
"who’s",3,2
"baltic",1,1
"19",2,2
"sift",1,1
"brow",1,1
"tapestry",1,1
"lire’s",1,1
"winnow",1,1
"finest",2,2
"hallow",1,1
"intact",1,1
"cavalier",2,2
"sterile",1,1
"glows",2,2
"impotent",3,3
"substance",2,2
"financiers",1,1
"exclusive",1,1
"povertyl",1,1
"written",10,8
"manuscript",5,4
"307",2,2
"308",1,1
"indicating",1,1
"twould",2,2
"ease",1,1
"thou’rt",1,1
"bee’s",1,1
"fade",2,2
"divinity",3,3
"raise",2,2
"thee—still",1,1
"surgeons",1,1
"slipping",3,2
"reportless",5,3
"wrest",1,1
"dost",1,1
"exude",1,1
"recall-less",1,1
"colored",1,1
"painted",1,1
"idle",2,2
"aimless",1,1
"crept",1,1
"realms",5,5
"conquered",1,1
"midnight’s",1,1
"discouraged",1,1
"whatsoe’er",1,1
"allotted",1,1
"malignity",1,1
"mentioned",1,1
"obliquity",1,1
"soonest",2,2
"share",1,1
"greed",1,1
"boasting",1,1
"premium",2,2
"basking",1,1
"bethlehem",1,1
"imperative",1,1
"distinct",2,2
"condemned",2,2
"20",6,5
"alms",2,2
"gave",2,2
"revive",1,1
"smuggled",1,1
"pile",1,1
"rising",3,3
"recollection's",1,1
"floor",3,3
"standing",2,2
"reach",1,1
"top",1,1
"efface",3,3
"quatrains",1,1
"315",1,1
"316",1,1
"scrap",2,2
"ot",1,1
"paper",6,5
"appear",3,3
"thrill",1,1
"slowly",1,1
"boon",2,2
"delayed",1,1
"fitness",1,1
"solitude",1,1
"desolation",1,1
"changed",1,1
"amazed",1,1
"change",1,1
"groped",3,2
"nameless",2,2
"chaff",1,1
"foreshadowed",1,1
"spurn",2,2
"slight",1,1
"consecrated",2,2
"“great",2,1
"“small",1,1
"all—",1,1
"stag",1,1
"cower",1,1
"wren",1,1
"heights",1,1
"rhinoceros",1,1
"extol",1,1
"thee—could",2,2
"i—then",2,2
"tritest",1,1
"perceiving",1,1
"evidence",2,2
"partaking",1,1
"guaranty",2,2
"transports",1,1
"patience",4,2
"reached",2,2
"attest",1,1
"bleak",2,2
"dying—",1,1
"abbreviate",1,1
"mute",1,1
"coronation",3,3
"“vive",1,1
"le",1,1
"roi!”",1,1
"fold",1,1
"tiny",2,2
"courtier",1,1
"revering",1,1
"pageant",2,2
"murmur",3,3
"“master",1,1
"smouldering",3,2
"embers",4,3
"coal",1,1
"survived",1,1
"stirs",1,1
"requisite",1,1
"lasts",3,3
"prometheus",1,1
"apart",1,1
"breach",1,1
"witch",1,1
"invalidate",1,1
"uncovered",1,1
"fondled",1,1
"gleam",1,1
"illumines",1,1
"life—",1,1
"hardest",2,2
"propounded",2,2
"required",1,1
"zephyr",1,1
"felled",2,2
"undeserved",1,1
"blast",1,1
"prompter",1,1
"occupied",2,2
"pallid",2,2
"arranged",1,1
"metallic",1,1
"aggrandized",1,1
"blocked",1,1
"constituted",1,1
"removed",1,1
"relative",2,2
"today—",1,1
"extant",1,1
"pawn",1,1
"curtail",1,1
"carry",1,1
"rank",1,1
"kingdoms",1,1
"refer",1,1
"possibly.”",1,1
"he’ll",2,1
"scan",2,2
"gabriel",1,1
"capered",1,1
"admiring",1,1
"master’s",1,1
"name—",1,1
"one’s",1,1
"feels",3,3
"peaks",1,1
"lingered",1,1
"regret",1,1
"cataract",1,1
"felicity",1,1
"assuredly",1,1
"courtesies",1,1
"commend",2,2
"paragon",1,1
"lap",1,1
"under",10,6
"sacrament",1,1
"division",2,2
"pare",1,1
"daring",2,2
"resurrection",4,4
"scooping",1,1
"“live!”",1,1
"size—",1,1
"exploit",2,2
"attempt",1,1
"annuls",1,1
"communicate",1,1
"inch",4,3
"notch",1,1
"narrowing",1,1
"boiling",1,1
"agony",1,1
"toyed",1,1
"delirious",2,2
"broke",3,3
"goblin",2,2
"gauge",1,1
"measuring",3,3
"weigh",1,1
"paws",1,1
"sinew",2,2
"fiend",1,1
"pronounced",1,1
"frozen",1,1
"dungeon’s",1,1
"gibbets",1,1
"film",1,1
"stitched",1,1
"gasped",1,1
"“reprieve!”",1,1
"utterest",1,1
"manner",1,1
"major",1,1
"andres",1,1
"choice",1,1
"fate",5,5
"stipulate",2,2
"tease",3,3
"babble",3,3
"styles—",1,1
"“they",1,1
"now,”",1,1
"customs",2,2
"“st",1,1
"james’!”",1,1
"beds",1,1
"averse",1,1
"chamber",1,1
"curtains",1,1
"blandly",1,1
"sweep",2,2
"abhorrent",1,1
"undulating",1,1
"amplitude",1,1
"invades",1,1
"billow",1,1
"whispered",1,1
"“come",1,1
"friendl",1,1
"shriven",1,1
"pantry",1,1
"fish",1,1
"year.”",1,1
"revolting",1,1
"object",1,1
"floating",2,2
"recalls",1,1
"unconsciousness",2,2
"spar",1,1
"terribler",2,2
"chance's",2,2
"stretched",1,1
"covered",1,1
"spreads",1,1
"lilies",1,1
"unclaimed",1,1
"history",5,4
"incarnate",1,1
"swift",2,2
"partitions",1,1
"cavil",1,1
"fruition",2,2
"tumultuous",2,2
"tombs",1,1
"staggered",1,1
"caressed",1,1
"trigger",1,1
"absently",1,1
"wandered",1,1
"moaned",1,1
"drink",3,3
"dripping",1,1
"retina",1,1
"sped",1,1
"reaching",1,1
"crashing",1,1
"timbers",1,1
"buried",1,1
"spades",2,1
"plying",1,1
"lungs",2,2
"sought",4,4
"horrid",1,1
"slacked",1,1
"diggers",1,1
"recompense",1,1
"fruitless",1,1
"baffling",1,1
"depose",1,1
"denuded",1,1
"travelers",2,2
"froze",1,1
"strengthening",1,1
"language",1,1
"hyacinth",1,1
"taleless",1,1
"impatient",1,1
"procured",1,1
"furnished",1,1
"society",3,3
"second's",1,1
"absconds",1,1
"crisis",2,2
"length",3,3
"benumbing",1,1
"fever",1,1
"holding",1,1
"report",2,2
"muscles",1,1
"grappled",1,1
"shook",2,2
"adamant",3,3
"poised—debated—shot—",1,1
"simultaneously",1,1
"escaped",1,1
"unseen",2,2
"toward",3,3
"creep",1,1
"suspend",1,1
"nicely",1,1
"balancing",1,1
"press",2,2
"circle",1,1
"jolt",1,1
"adjusts",1,1
"secures",1,1
"presenting",1,1
"passion",3,1
"“give",1,1
"contracting",1,1
"breaths",1,1
"nay!”",1,1
"sov’reign",1,1
"resituated",1,1
"death-warrants",1,1
"enginery",1,1
"equity—",1,1
"merciful",2,2
"idol's",1,1
"devotee",1,1
"consigned",1,1
"greet",2,2
"quaintest",1,1
"summons",1,1
"beam",1,1
"warm—",1,1
"match",2,1
"vastest",2,2
"shrunken",1,1
"defaulting",1,1
"pall",1,1
"motion—deck",1,1
"fastened",2,2
"affiance",1,1
"acquainted",1,1
"horizontal",1,1
"—did",2,1
"introduce",2,2
"untraversed",1,1
"spot",3,3
"unpuzzled",1,1
"launching",1,1
"bay",1,1
"artillery",1,1
"exposed",1,1
"delivered",1,1
"batteries",1,1
"fight",2,2
"sternly",1,1
"certainty",3,3
"frigid",2,1
"fleet",4,4
"whatever",3,2
"clime",1,1
"acrid",2,2
"realm—",1,1
"hemisphere",1,1
"accompany",1,1
"impair",1,1
"routes",2,2
"docile",2,2
"inter",1,1
"arraign",1,1
"sunny",1,1
"brevity",1,1
"sparkles",1,1
"span",2,2
"dauntless",1,1
"fields",1,1
"tiptoed",1,1
"slipper",1,1
"oozed",1,1
"crimson",1,1
"bubbles",1,1
"tide",3,2
"blooming",1,1
"tripping",1,1
"flowing—",1,1
"chastising",1,1
"chastise",1,1
"dovel",1,1
"petition",1,1
"subject",1,1
"finished",4,4
"withered",1,1
"transgression",1,1
"license",1,1
"frame",1,1
"experienced",2,2
"witnessing",1,1
"conceiveless",1,1
"grimed",1,1
"repealed",2,2
"sleigh",1,1
"christmas",1,1
"individuals",3,3
"observation—",1,1
"timbuctoo",1,1
"endow",1,1
"squander",1,1
"denied",3,3
"cherishing",4,3
"death's",2,2
"ethereal",3,3
"scorn",1,1
"misses",1,1
"tends",1,1
"gently",2,2
"heavy",1,1
"blesses",1,1
"“if",2,2
"could”",1,1
"endeavoring",1,1
"strength",4,4
"places",2,2
"potential",1,1
"unconspicuous",1,1
"remembers",1,1
"subsequent",2,2
"not”",2,2
"statement",2,2
"unpretension",1,1
"stuns",1,1
"comprehension",3,3
"lexicons",1,1
"speculation",2,2
"inanition",1,1
"him,”",1,1
"mention—",1,1
"philology",2,2
"21",1,1
"91",1,1
"genesis",1,1
"v:*4",1,1
"ignoble",2,2
"quality",1,1
"superlative",1,1
"comparative",1,1
"suitor",2,2
"wins",1,1
"stealthy",1,1
"wooing",2,2
"conducted",1,1
"innuendoes",1,1
"dim",1,1
"bugles",2,2
"bisected",1,1
"triumph",2,2
"kindred",1,1
"responsive",1,1
"porcelain",1,1
"feather",2,2
"ornithology",1,1
"control",1,1
"instructing",1,1
"filaments",1,1
"lapse",1,1
"glowed",1,1
"planetary",1,1
"annulled",1,1
"suffered",1,1
"ambush",1,1
"dusk",1,1
"subtle",3,3
"asterisk",1,1
"we—",1,1
"are—",1,1
"intrenched",1,1
"sta",1,1
"strange",1,1
"hurts",2,1
"southern",1,1
"custom",2,2
"accepts",1,1
"latitude",2,2
"stay—",1,1
"shiverers",1,1
"doors",2,2
"pitying",1,1
"persuade",1,1
"differ",2,2
"prospective",3,2
"achievement",2,2
"strains",1,1
"effort",3,3
"conclusion",2,2
"assisted",2,2
"faint",3,3
"stalk",1,1
"equal",3,2
"parallel",1,1
"perfected",1,1
"decayed",1,1
"youth",1,1
"peradventure",1,1
"sequestered",1,1
"canceled",1,1
"comprehensive",1,1
"lids",3,2
"steel",2,2
"houses—glad",1,1
"houses—",1,1
"sealed",1,1
"locking",1,1
"brooks",6,5
"banks",2,2
"whisper",1,1
"bald",1,1
"parlors",1,1
"sickness",2,2
"deface",1,1
"treasures",1,1
"muffled",2,2
"coaches",1,1
"drag",1,1
"arm",4,4
"thee—",3,3
"me—",1,1
"adheres",1,1
"cling",1,1
"crash",1,1
"similar",1,1
"appears",3,3
"domain",2,2
"rudiment",1,1
"diminished",1,1
"plane",1,1
"restricted",1,1
"breadth",1,1
"ampler",1,1
"populates",1,1
"friend—",1,1
"relief",1,1
"enchantless",1,1
"pod",2,2
"advertise",1,1
"missing",1,1
"maddest",2,2
"sod",1,1
"pasted",1,1
"soldered",1,1
"softness",1,1
"admonish",1,1
"blanket",1,1
"wealthier",1,1
"acclimated",1,1
"creature—",1,1
"wilt",1,1
"russian",1,1
"occupies",1,1
"age",2,2
"writ",1,1
"honest",2,2
"encourages",1,1
"newly",2,2
"compelled",1,1
"inhabitants",1,1
"assemble",1,1
"possible",4,4
"ghosts",1,1
"squirrels",1,1
"formerly",1,1
"pioneer",1,1
"settlers",1,1
"liking",1,1
"attracted",1,1
"settlement",1,1
"capital",2,2
"gravity",1,1
"owner",2,2
"eternity's",1,1
"knock",1,1
"tremor",1,1
"caesars",1,1
"trod",1,1
"unthinking",1,1
"seceded",1,1
"rend",2,2
"fortunate",1,1
"prizes",2,2
"successful",1,1
"moulder",1,1
"bury",2,2
"species",2,2
"positively",1,1
"testify",2,2
"tanks",1,1
"you,”",1,1
"death.”",1,1
"sincere",2,2
"argue",1,1
"controvertible",1,1
"dirt",1,1
"beetle’s",1,1
"cellar",1,1
"stretch",1,1
"comet’s",1,1
"cubit’s",1,1
"ride—",1,1
"deadl",1,1
"graves—",1,1
"exhibition",1,1
"preciser",1,1
"function",2,2
"enabled",1,1
"concluded",3,3
"there's",2,2
"cooler",2,2
"falls",1,1
"calculations",1,1
"mixing",1,1
"palls",1,1
"lacerating",1,1
"ears",2,2
"coronal",1,1
"funeral",2,2
"saluting",1,1
"chemical",1,1
"enable",2,2
"disaster",1,1
"fractured",1,1
"atoms",1,1
"encloses",1,1
"gravel",1,1
"flightl",1,1
"earnest",1,1
"“good",2,2
"night!”",1,1
"want,”",1,1
"pleaded",1,1
"want”",1,1
"entreated",1,1
"steadfast",1,1
"placed",1,1
"“please,”",1,1
"night,”",1,1
"mustl",1,1
"intricate",1,1
"dustl",1,1
"incognito",1,1
"saucy",2,1
"seraph",1,1
"safer",1,1
"softer",1,1
"iron",2,2
"hardened",1,1
"know.”",1,1
"industrious",1,1
"questions",1,1
"snatch",1,1
"homesickness",1,1
"reward",2,2
"restore",1,1
"booty",1,1
"22",2,1
"intended",1,1
"tested",1,1
"disappeared",1,1
"achieving",2,2
"retrospection",1,1
"fixed",1,1
"anticipation",1,1
"dice—a",1,1
"lower",2,2
"westminster",1,1
"preferred",2,2
"unsuspected",1,1
"mines",1,1
"odd",1,1
"stiff",1,1
"wick",3,3
"waits",1,1
"indurated",1,1
"mate",2,2
"fluent",2,2
"contemplating",1,1
"transitive",1,1
"irony",1,1
"achieved",2,2
"ape",1,1
"simplicity",2,2
"he—",1,1
"audacity",1,1
"praise",1,1
"it—*tis",1,1
"glow—",1,1
"inclement",1,1
"encomium",1,1
"earned",2,2
"invest",1,1
"zest",2,2
"remitted",1,1
"flitted",1,1
"recusance",1,1
"august",3,3
"clad",2,2
"grander",1,1
"pain—",1,1
"bands",1,1
"smitten",1,1
"questioned",1,1
"thrills",1,1
"cerements",1,1
"23",1,1
"crumbling",2,2
"identity",3,3
"insecure",1,1
"physiognomy",2,2
"cohere",1,1
"28",6,4
"“i’m",1,1
"morn,”",1,1
"96",1,1
"watchers",1,1
"beggars",1,1
"revel",2,2
"feast",2,2
"savory",1,1
"fancy",1,1
"spread",2,2
"deserts",3,3
"beguiles",1,1
"watcher",1,1
"opens",1,1
"thirsty",1,1
"flagons",1,1
"pressed",1,1
"affidavit",1,1
"specific",3,3
"hallowing",2,1
"corporeal",2,2
"cost",1,1
"summit",1,1
"strives",1,1
"severe",1,1
"bottom",2,2
"top—",1,1
"“houses",1,1
"“mansions",1,1
"exclude",1,1
"“many",1,1
"mansions”",1,1
"“his",1,1
"father”—",1,1
"don't",3,3
"him—snugly",1,1
"trudge",1,1
"fathom",2,2
"league",1,1
"defies",1,1
"topography",1,1
"fists",3,2
"foundeth",1,1
"gibraltar's",1,1
"poised",1,1
"comrade",1,1
"zone",2,2
"solstice",1,1
"constructs",1,1
"fuse",2,2
"tenements",1,1
"occupy",1,1
"supposition",1,1
"removing",1,1
"oblique",1,1
"grapples",1,1
"stubborn",1,1
"sublime",1,1
"equip",1,1
"feature",2,2
"adequate",1,1
"drums",2,2
"enlist",1,1
"relations",1,1
"adhesion's",1,1
"fallacy",1,1
"figment",1,1
"accredited",1,1
"identify",1,1
"measure",2,2
"area",2,2
"inspection's",1,1
"comparison",1,1
"absorbed",1,1
"attention's",1,1
"scrutiny",3,3
"write",2,2
"awake",1,1
"letter—how",1,1
"see—",1,1
"mine’s",1,1
"likeness",1,1
"menaced",1,1
"dismay",1,1
"sweetness",2,2
"hesperian",1,1
"decoying",1,1
"straying",1,1
"roaring",1,1
"constrained",1,1
"penalty",1,1
"bravest",2,2
"clutched",1,1
"simulate",1,1
"uncertain",3,2
"vicinity",1,1
"bisecting",1,1
"messenger",1,1
"taking",2,2
"ideal",2,1
"splintered",1,1
"portable",1,1
"adam",4,4
"scowled",1,1
"perjury",1,1
"purer",1,1
"glorified",1,1
"comforts",1,1
"adored",1,1
"stains",1,1
"transfigured",1,1
"mended",1,1
"secreted",1,1
"subterranean",2,2
"route",3,3
"circuit",3,3
"sage",1,1
"balk",1,1
"innocence",1,1
"advancing",1,1
"speculations",1,1
"foreigner",1,1
"saints",1,1
"plain-going",1,1
"mayl",1,1
"image",1,1
"adieu",2,2
"thanks",1,1
"long—so",1,1
"preceptor",1,1
"cardinal",1,1
"impart",1,1
"maids",1,1
"remoter",1,1
"seraphic",1,1
"game",1,1
"gambol",1,1
"employ",1,1
"village",2,2
"year's",1,1
"distaff",1,1
"bound",1,1
"ne'er",4,2
"wondrous",1,1
"array—",1,1
"cups",1,1
"chrysolite",1,1
"mystic",1,1
"fantastic",1,1
"announcing",1,1
"dells",1,1
"dawnl",1,1
"bark",3,3
"sink",1,1
"mortality’s",1,1
"stupendous",1,1
"sinks",1,1
"poet's",1,1
"william",1,1
"ellery",1,1
"channing",1,1
"poets",1,1
"lamps",1,1
"wicks",1,1
"inhere",1,1
"suns",3,3
"lens",1,1
"disseminating",1,1
"parasite",1,1
"meat",1,1
"fat",1,1
"stoutest",1,1
"pine",2,2
"throw",1,1
"writing",3,3
"approximately",1,1
"193s",2,2
"omit",1,1
"emaciate",1,1
"wit",1,1
"aliment",1,1
"inlets",1,1
"outlets",1,1
"ascend",2,2
"table-land",1,1
"thoughts",1,1
"esoteric",2,2
"sips",1,1
"sacramental",1,1
"native",3,3
"free",1,1
"infrequency",1,1
"“shall",1,1
"poet",2,1
"“be",1,1
"candidates",1,1
"candidate",1,1
"unsummoned",1,1
"portion",1,1
"applied",1,1
"nomination",1,1
"cherubim",1,1
"belonged",1,1
"actually",1,1
"inspect",2,2
"audible",1,1
"admitted",2,2
"purposes",1,1
"castle",1,1
"imitating",1,1
"services",1,1
"exhibit",2,2
"worthier",1,1
"poetry",2,2
"spry",1,1
"errand",1,1
"imminent",1,1
"long—",1,1
"stroll",1,1
"among—",1,1
"soul’s",2,2
"lodged",2,2
"happening—",1,1
"fructified",1,1
"freshet’s",1,1
"rejoice",1,1
"convey",1,1
"carefully",1,1
"ideals",1,1
"fairy",1,1
"oil",2,1
"axle",2,2
"rejects",1,1
"startled",2,2
"“no",1,1
"foolish",1,1
"depend",1,1
"renew",2,2
"groundl",1,1
"infinity",5,5
"finite",1,1
"incorporated",1,1
"presumed",1,1
"confidence—",1,1
"oldest",1,1
"cedars",1,1
"swerve",1,1
"unclinch",1,1
"feeble",1,1
"excellent",2,2
"vigorous",1,1
"prop",2,2
"trusts",1,1
"furnish",1,1
"dormant",1,1
"deport",1,1
"discourse",1,1
"powder",1,1
"exists",2,1
"charcoal",1,1
"slant",1,1
"success",1,1
"infirm",1,1
"truth's",1,1
"superb",1,1
"explanation",1,1
"dazzle",1,1
"gradually",1,1
"launch",1,1
"aquatic",1,1
"seal",3,3
"obligation",1,1
"dove",1,1
"mistress",1,1
"flings",1,1
"thrice",1,1
"casement",1,1
"patriarch's",1,1
"returned—",1,1
"columba",1,1
"fascinating",1,1
"chill",1,1
"earth's",1,1
"corroboration",1,1
"ecstasy's",1,1
"impediment",1,1
"rapture's",1,1
"germination",1,1
"estranging",1,1
"creator",1,1
"octave's",1,1
"burst",1,1
"windows",3,3
"ritardando",1,1
"phials",1,1
"translation",1,1
"ttwasn’t",1,1
"composer",1,1
"mozart",1,1
"keyless",1,1
"rhyme",1,1
"bubbled",1,1
"quaintly",1,1
"eve's",1,1
"urging",1,1
"matured",1,1
"legend",1,1
"dimly",1,1
"eve",1,1
"grandame's",1,1
"story—",1,1
"telling",1,1
"church",2,2
"baptizes",1,1
"saint",1,1
"aisles",1,1
"shakes",1,1
"silence",6,6
"redemption",1,1
"cadence",1,1
"humming",2,1
"promise",2,2
"rehearsal",1,1
"tame",1,1
"easily",1,1
"bread",2,2
"clover's",1,1
"enameled",1,1
"notoriety",1,1
"perceives",2,2
"profanes",1,1
"compromised",1,1
"occupant",1,1
"insolvent",1,1
"germ",3,3
"electrical",1,1
"findless",1,1
"dishonor",1,1
"soe’er",1,1
"character",1,1
"names—",1,1
"iris",1,1
"constancy’s",1,1
"assumes",1,1
"defaced",1,1
"vicariously",1,1
"shame",4,3
"plaudit",1,1
"superfluous",2,2
"incense",1,1
"lack",2,2
"honorless",1,1
"futile",2,2
"urn",1,1
"accomplish",1,1
"ordnance",2,2
"frugal",3,3
"kills",1,1
"conquers",1,1
"once—",1,1
"interior",1,1
"shown",1,1
"heart’s",1,1
"extent",1,1
"reduces",1,1
"stark",1,1
"merrier",1,1
"expended",1,1
"suits",2,2
"magnifies",1,1
"keen",1,1
"terminable",1,1
"sinews",1,1
"cordage",1,1
"ship",1,1
"tides",1,1
"requires",1,1
"basis",1,1
"craft",1,1
"charter",1,1
"balked",1,1
"instance",2,2
"builds",1,1
"rafter",1,1
"pinnacle",1,1
"superficies",1,1
"ledges",1,1
"smit",1,1
"mortised",1,1
"laws",1,1
"tenderest",1,1
"unsustained",1,1
"end-rewarded",1,1
"impetus",2,1
"goal",1,1
"diligence",1,1
"maker's",1,1
"ladders",1,1
"toiling",1,1
"critical",1,1
"shifts",1,1
"solemnest",1,1
"moves",1,1
"moments",4,2
"appalled",1,1
"ghastly",1,1
"fright",1,1
"salute",1,1
"caress",1,1
"freezing",1,1
"sip",2,2
"o'er—",1,1
"accost",4,4
"bursting",1,1
"dances",1,1
"swings",1,1
"dungeoned",2,2
"liberty—then",1,1
"felon",1,1
"shackles",1,1
"plumed",1,1
"rivets",1,1
"song",2,2
"horror",1,1
"welcomes",1,1
"brayed",1,1
"sears",1,1
"sapling",1,1
"scalps",1,1
"dumbly",1,1
"souls",1,1
"oftener",2,2
"vitally",1,1
"pang",3,2
"conspicuous",2,2
"sing—",1,1
"effulgences",1,1
"sung",3,2
"cares",2,2
"bluebird’s",2,2
"playthings",1,1
"ache",1,1
"gimlets",1,1
"mangle",1,1
"daintier",1,1
"panther",1,1
"convalescent",1,1
"chances",2,2
"blessed",1,1
"rewalks",1,1
"precipice",1,1
"whittles",1,1
"perdition",2,2
"crag",1,1
"suffering",1,1
"handle",1,1
"evidence't",1,1
"dreams",3,3
"precinct",1,1
"raw",2,2
"possessed",2,2
"treasure",1,1
"surfaces",1,1
"invested",1,1
"diamond",1,1
"dandelion",1,1
"playfellow",1,1
"complain",1,1
"unwhole",1,1
"measures",2,2
"unremitting",1,1
"monotony",1,1
"bisect",1,1
"discerns",1,1
"convulsive",1,1
"learns",1,1
"unattempted",1,1
"gauze",1,1
"instant’s",1,1
"demolishes",1,1
"questioning",1,1
"dissolves",3,3
"482",1,1
"deigned",1,1
"stirring",1,1
"beliefs",2,2
"slipped",1,1
"dreamed",1,1
"fiction",2,2
"superseding",1,1
"treesl",1,1
"tabernacle",1,1
"homes",1,1
"undepicted",1,1
"planets",1,1
"etiquettes",1,1
"embarrassments",1,1
"awes",1,1
"49",1,1
"embarrassment",1,1
"revelation’s",1,1
"caution",1,1
"waylaying",1,1
"sharpest",1,1
"thefts",1,1
"marauds",1,1
"robber",1,1
"assault",1,1
"menace",1,1
"betoken",1,1
"consummate",4,4
"cluster",1,1
"4s7",1,1
"paltry",1,1
"american",1,1
"girls",2,2
"rate",1,1
"sweetser",1,1
"931",1,1
"35",1,1
"uttered",1,1
"discourage",1,1
"haunt",1,1
"disembodies",1,1
"hiding",1,1
"superstition",1,1
"tenderness",1,1
"decreases",1,1
"plumbing",1,1
"surveyed",1,1
"skirted",1,1
"lock—",1,1
"maker",2,2
"caverns",1,1
"corridors",1,1
"illuminate",1,1
"49i",1,1
"shawl",1,1
"wrap",1,1
"infesting",1,1
"elemental",3,3
"veil",1,1
"repugnant",1,1
"probity",1,1
"outer",1,1
"insect’s",1,1
"infinites",1,1
"scaping",1,1
"fruitlesser",1,1
"exertion",1,1
"quivering",1,1
"chooses",1,1
"wainscot",1,1
"baffles",1,1
"quest",1,1
"thief",1,1
"pricks",1,1
"boldest",1,1
"flinch",1,1
"pounce",1,1
"bruises",1,1
"gourmand",1,1
"tongueless—",1,1
"burn",3,3
"public",2,2
"square",1,1
"refuse",1,1
"rack",1,1
"couldn't",1,1
"494",1,1
"long-interceding",1,1
"‘thou",1,1
"kinder",1,1
"disappointing",1,1
"“disciple",1,1
"again.”",1,1
"volcanoes",1,1
"phlegmatic",1,1
"usually",1,1
"appalling",2,1
"breakfast",2,2
"volcanic",1,1
"titanic",1,1
"palpitating",1,1
"vineyard",1,1
"thrown",1,1
"loving",2,2
"antiquary",1,1
"resumption",2,2
"“pompeii!”",1,1
"496",1,1
"edible",2,2
"longing",4,4
"ablative",17,14
"fundamental",2,2
"palates",1,1
"transit",1,1
"patented",2,2
"plaything",1,1
"lever",1,1
"indict",1,1
"cant",1,1
"53",2,2
"54",3,3
"consternation",1,1
"destitution",1,1
"profane",1,1
"pursuit",1,1
"waylaid",1,1
"thereafter",1,1
"roam",1,1
"fashionable",1,1
"twice—",1,1
"season",1,1
"emperor",1,1
"delight’s",1,1
"sufficing",1,1
"impoverish",1,1
"enchantment's",1,1
"perihelion",1,1
"mistaken",1,1
"authentic",1,1
"orbit",1,1
"anterior",1,1
"501",1,1
"255",1,1
"obstacle",2,2
"gauges",1,1
"skepticism",1,1
"tosses",1,1
"invites",1,1
"retards",1,1
"compared",1,1
"delicious",1,1
"thrilled",1,1
"stagnant",1,1
"rushes",1,1
"heedless",1,1
"impeding",1,1
"navigation",1,1
"ripples",1,1
"down—",1,1
"rouse",1,1
"freshets",1,1
"504",1,1
"stimulus",2,2
"benumbed",1,1
"abilities",1,1
"arid",1,1
"element",1,1
"rejoices",1,1
"abhor",2,2
"curdled",1,1
"worthless",1,1
"auctioneer",1,1
"“going",1,1
"shouts",1,1
"brings",1,1
"hammer",1,1
"sells",1,1
"prices",2,2
"range",1,1
"two—not",1,1
"murder",2,2
"degrees",1,1
"thrust—and",1,1
"cauterize",1,1
"reprieves",1,1
"eases",1,1
"mashes",1,1
"award",1,1
"contenteder",1,1
"rallying",1,1
"consciouser",1,1
"508",1,1
"facts",1,1
"specter",1,1
"protruding",1,1
"portentous",1,1
"summoned",1,1
"adieu—",1,1
"5°9",1,1
"instant's",1,1
"dilapidation's",1,1
"processes",1,1
"organized",1,1
"decays",2,2
"cobweb",1,1
"cuticle",1,1
"borer",1,1
"axis",1,1
"rust",1,1
"formal",2,2
"devil's",1,1
"consecutive",1,1
"slow—",1,1
"crash’s",1,1
"staggering",1,1
"extremer",1,1
"unreality",1,1
"lent",1,1
"mirage",1,1
"suspends",1,1
"doe",1,1
"hounds",1,1
"legions",1,1
"leap",1,1
"full-flanked",1,1
"units",1,1
"swarm",1,1
"vitals",1,1
"sliver",1,1
"lung",1,1
"bung",1,1
"accounted",1,1
"harms",1,1
"relation",1,1
"repealless",1,1
"512",1,1
"conceived",1,1
"gash",1,1
"counteract",1,1
"twain",1,1
"26",1,1
"o",2,2
"5*3",1,1
"crucifixion",2,1
"recorded",1,1
"affirmed",1,1
"mathematics",1,1
"exhibited",1,1
"persons",1,1
"peninsulas",1,1
"gethsemane",1,1
"province",1,1
"center",1,1
"crusade’s",1,1
"compound",1,1
"5m",1,1
"highest",1,1
"isolation",1,1
"coveted",1,1
"stigma",1,1
"deified",1,1
"pontius",1,1
"pilate",1,1
"pierces",1,1
"recollects",1,1
"5*5",1,1
"261",1,1
"“faithful",2,1
"end,”",1,1
"amended",2,1
"clause—",1,1
"lucrative",1,1
"withdraws",1,1
"proviso",2,1
"“crown",1,1
"life”",2,1
"27",2,1
"1932",3,3
"end”",1,1
"clause",1,1
"abhors",1,1
"“crowns",1,1
"servile",1,1
"giving",1,1
"solely",1,1
"emolument",1,1
"5*7",2,2
"durabler",1,1
"bronze",1,1
"cenotaph",1,1
"reared",1,1
"deputy",1,1
"obelisk",1,1
"i8",1,1
"believing",1,1
"instigates",1,1
"appetite",1,1
"5*9",1,1
"magical",1,1
"extents—",1,1
"returning",3,3
"steal",1,1
"securer",1,1
"thence",1,1
"strictest",1,1
"slink",2,2
"terrible",2,2
"extents",1,1
"discernible",1,1
"omnipotence—",1,1
"stoop",1,1
"enacted",2,2
"firmaments",2,2
"265",1,1
"266",1,1
"who’ve",1,1
"more—",1,1
"tramp",1,1
"atheist",1,1
"stake",1,1
"moment's",1,1
"shallow",1,1
"rim",1,1
"commuted",1,1
"torrents",1,1
"inundate",1,1
"italicize",1,1
"daily",3,3
"cogs",2,2
"revolving",1,1
"reason",1,1
"protects",1,1
"sanity",1,1
"seventy",1,1
"dollar",1,1
"sorrow",1,1
"courteous",1,1
"lease",1,1
"develops",1,1
"luster",1,1
"grasp",2,2
"appreciation",1,1
"chiefest",1,1
"inheritors",1,1
"tenure",1,1
"dotes",1,1
"plumbed",1,1
"reserved",1,1
"clarified",1,1
"268",1,1
"redoubtablest",1,1
"526",1,1
"“all”",1,1
"ulterior",1,1
"subsidy",1,1
"tops",1,1
"cleared",1,1
"laying",1,1
"wink",1,1
"flaw",1,1
"tranquil",2,2
"heads",2,2
"protected",1,1
"deeds",1,1
"shine",1,1
"surer",1,1
"accessible",1,1
"mrs",2,2
"todd",1,1
"2>s",1,1
"liquor",2,1
"ecstatic",1,1
"corkless",1,1
"superior—",1,1
"several—",1,1
"childhood",1,1
"forms",1,1
"mourn",1,1
"“here!”",1,1
"typic",1,1
"heres",1,1
"foretold",1,1
"locations",1,1
"“go",1,1
"it”—what",1,1
"specified",1,1
"endearment",1,1
"simply",1,1
"obeyed—",1,1
"obeyed",1,1
"lure",1,1
"law,”",1,1
"thermopylae",1,1
"“convey",1,1
"kiss.”",1,1
"531",1,1
"‘",1,1
"philosophy",1,1
"shrewdly",1,1
"speculate",1,1
"flutter",2,2
"pit",4,1
"—but",1,1
"yet—a",1,1
"sap",1,1
"depth",1,1
"doom—",2,2
"win",1,1
"gamblers",1,1
"dice",1,1
"againl",1,1
"534",1,1
"shoal",1,1
"vessel",1,1
"shunned",2,2
"closet",1,1
"“memory",1,1
"silently",1,1
"interlocutors",1,1
"probability",1,1
"unchallenged",1,1
"supersede",1,1
"grounds",1,1
"sauntering",1,1
"intemperance",1,1
"prudent",1,1
"vended",1,1
"statutes",1,1
"meddle",1,1
"internal",1,1
"bar",1,1
"pernicious",1,1
"permitting",1,1
"gather",2,2
"perfidy",2,2
"alloys",1,1
"firmer",1,1
"severest",1,1
"convenient",1,1
"otherwise",1,1
"passenger",2,2
"wily",1,1
"contrives",1,1
"inured",1,1
"van",1,1
"root",1,1
"tightening",1,1
"upright",1,1
"deceives",1,1
"retrieves",1,1
"buds",1,1
"sprout",1,1
"anew",1,1
"overthrown",1,1
"°",1,1
"civilization",1,1
"spurns",1,1
"leopard",3,2
"rebuked",1,1
"ethiop",1,1
"tawny",1,1
"dun",2,2
"leopard's",1,1
"signor",1,1
"frown",1,1
"pard",1,1
"asia",1,1
"memories",1,1
"palm",1,1
"stifled",1,1
"narcotic",1,1
"suppressed",1,1
"274",1,1
"54i",1,1
"undertake",1,1
"undertaking",1,1
"blent",1,1
"encouragement",1,1
"natures",1,1
"permitted",1,1
"revere",1,1
"standards",1,1
"criterion",1,1
"sources",1,1
"542",1,1
"shows",2,2
"fickle",2,2
"vote",2,2
"locks",1,1
"granted",1,1
"transport’s",2,2
"dividend",2,2
"543",1,1
"sight—",1,1
"legitimate",1,1
"burr",1,1
"germ’s",1,1
"275",1,1
"stranded",1,1
"economy",1,1
"scheme",1,1
"ultimates",1,1
"arithmetic",1,1
"30",2,2
"acuter",2,2
"flight",1,1
"clarifies",1,1
"brims",1,1
"rays",1,1
"546",1,1
"started",1,1
"us—",1,1
"being's",1,1
"peasantry—",1,1
"recognizing",1,1
"procession",1,1
"dusty",1,1
"stimulated",1,1
"dialect",1,1
"danes",1,1
"susceptive",1,1
"fabulous",1,1
"detention",1,1
"shudder",1,1
"decomposition",1,1
"follows—",1,1
"549",1,1
"codicil",1,1
"“bird",1,1
"hand”",1,1
"“bush”",1,1
"me—or",1,1
"not—",1,1
"impossibility",1,1
"exhilarates",1,1
"tastes",2,2
"flavorless",1,1
"combine",1,1
"faintest",1,1
"tincture",1,1
"dram",1,1
"enchantment",1,1
"ingredient",1,1
"weakness",1,1
"impregnability",1,1
"inheres",1,1
"skillful",1,1
"pointers",1,1
"movel",1,1
"55",1,1
"satisfaction",1,1
"agent",1,1
"satiety",1,1
"commissary",1,1
"contented",1,1
"anomaly",1,1
"bearing",1,1
"sound—",1,1
"contract",1,1
"lamb",1,1
"qualify",1,1
"merit",1,1
"drawer",2,2
"556",1,1
"279",1,1
"peddler’s",1,1
"cart",1,1
"approached",1,1
"smoked",1,1
"ringing",1,1
"begins—",1,1
"circumference—",1,1
"rags",1,1
"mysterious",1,1
"courtiers",1,1
"veiling",2,1
"plumes",1,1
"request",1,1
"imposing",1,1
"secrets”",1,1
"remits",1,1
"grate",1,1
"inviolate",1,1
"stapled",1,1
"decamp",1,1
"armed",1,1
"god’s",2,2
"tell”",1,1
"trillion",1,1
"niggardly",1,1
"stare—",1,1
"561",1,1
"divide",1,1
"they’ll",1,1
"cubes",1,1
"pellets",1,1
"s",1,1
"films",1,1
"annul",1,1
"odors",3,3
"blonde",1,1
"impotence",1,1
"flits",1,1
"steam",1,1
"apprehension",1,1
"another—",1,1
"e’en",1,1
"outcast’s",1,1
"pillow",2,2
"wailing",1,1
"later",2,2
"convoying",1,1
"deeming",1,1
"laboring",1,1
"“am",1,1
"consumed,”",1,1
"“yet",1,1
"face.*’",1,1
"convinced",1,1
"growth",1,1
"bland",2,2
"abyss",3,3
"glance—",1,1
"disprove",1,1
"schemes",1,1
"varied",1,1
"ribbon's",1,1
"accustomed",2,2
"unsuspecting",1,1
"surveying",1,1
"283",1,1
"luck",1,1
"toil",1,1
"fortune's",1,1
"expensive",1,1
"coin",1,1
"spurned",2,2
"bane",1,1
"wound—",1,1
"elsewhere",1,1
"tantamount",1,1
"568",1,1
"abject",1,1
"begged",1,1
"disparityl",1,1
"resents",1,1
"bestowal",1,1
"obloquy",1,1
"284",1,1
"indiscreet",1,1
"wrong",1,1
"love—",1,1
"joyful",1,1
"scourged",1,1
"previous",1,1
"confirms",1,1
"entrance",1,1
"usurps",1,1
"sting",2,2
"disarms",1,1
"interval",1,1
"deposits",1,1
"hovers",1,1
"inferior",1,1
"guard",1,1
"equivalent",1,1
"graze",1,1
"abets",1,1
"57",1,1
"floss",2,1
"save",1,1
"rope",3,1
"sluice",1,1
"reasonable",1,1
"experiment",1,1
"escorts",1,1
"allow",1,1
"axiom",1,1
"opportunity",1,1
"574",1,1
"risk",1,1
"tun",3,1
"seductive",1,1
"hollow",1,1
"hundred-weights",1,1
"snare",1,1
"espies",1,1
"seats",1,1
"perfidious",1,1
"“foolish",1,1
"tun,”",1,1
"critics",1,1
"delusive",1,1
"persuasive",1,1
"decoys",1,1
"286",1,1
"thrilling",1,1
"tasteless",1,1
"meat—",1,1
"576",1,1
"speedily",1,1
"anything",1,1
"stale",1,1
"yesterday’s",1,1
"possessing",1,1
"knight",1,1
"dares",1,1
"covet",1,1
"tattered",1,1
"appearance",1,1
"threaded",1,1
"tore",1,1
"comfortable",1,1
"287",1,1
"579",1,1
"desert",2,2
"sands",1,1
"sahara",1,1
"adjacent",1,1
"sums",1,1
"galloped",1,1
"580",1,1
"letting",1,1
"condition",1,1
"s>88",1,1
"suspense",3,2
"maturer",1,1
"sister",1,1
"misgiving—",1,1
"mangles",1,1
"terse",1,1
"riding",1,1
"lately",1,1
"descry",1,1
"horses",1,1
"woe—how",1,1
"eighteen",1,1
"bliss—how",1,1
"seldom",2,2
"584",1,1
"remnant",1,1
"586",1,1
"bless",1,1
"jessamine",1,1
"perfume",1,1
"refrain—",1,1
"bubble—“forgive”—“some",1,1
"better”—bubble—",1,1
"“carol",1,1
"gonel”",1,1
"traveling—",1,1
"heart—",2,2
"’twill",1,1
"enter",2,2
"dartl",1,1
"pondering—",1,1
"thought—",1,1
"concerning",1,1
"stupendousness",1,1
"290",1,1
"589",1,1
"slips",1,1
"laughs",1,1
"blushes",1,1
"plucks",1,1
"asks",2,2
"vane",1,1
"gesture",1,1
"pulpit",1,1
"hallelujahs",1,1
"roll—",1,1
"narcotics",1,1
"nibbles",1,1
"31",1,1
"tomorrow",2,2
"came—",1,1
"81",1,1
"todd’s",1,1
"eight-stanza",1,1
"“after",1,1
"comes,”",1,1
"1929",1,1
"175",1,1
"“this",1,1
"conclusion,”",1,1
"1896",1,1
"159",1,1
"manuscripts",1,1
"available",1,1
"determine",1,1
"separately",1,1
"to¬",1,1
"gether",1,1
"59i",1,1
"one—",1,1
"staying",1,1
"divinely",1,1
"stint",1,1
"meager",1,1
"acquired",1,1
"poverty",1,1
"indigence",1,1
"projects",1,1
"flit",2,2
"night’s",1,1
"morrow",1,1
"usher",1,1
"comprise",1,1
"594",1,1
"indestructible",1,1
"undiscovered",1,1
"festival",1,1
"unfurnished",1,1
"reduceless",1,1
"rid",1,1
"secreting",1,1
"deepest",1,1
"sighted",1,1
"triple",1,1
"lenses",1,1
"escapade",1,1
"293",1,1
"balloon",1,1
"release—",1,1
"ascension",1,1
"residence—",1,1
"indignation",1,1
"defrauded",1,1
"598",1,1
"afresh",1,1
"annihilating",1,1
"mightiest",1,1
"tilling",1,1
"yawning",1,1
"commensurate",1,1
"squarely",1,1
"294",1,1
"599",1,1
"amputated",1,1
"abdication",1,1
"behavior",1,1
"ignis",1,1
"fatuus",1,1
"illume",1,1
"knell",1,1
"duke",1,1
"j",1,1
"3°5",1,1
"lfi",1,1
"306",1,1
"earths",1,1
"bundles",1,1
"cram",1,1
"614",1,1
"dead”—brain—"dead!”",1,1
"latin",1,1
"shriek",1,1
"little—full",1,1
"bitterest—shift",1,1
"just—",1,1
"day.”",1,1
"largest",1,1
"shrewder",1,1
"fit”",1,1
"lincoln?”",1,1
"m.l.t",1,1
"incomplete",4,3
"unfinished",3,3
"615",1,1
"pier",2,1
"effaceless",2,1
"“few”",2,1
"inlaid",1,1
"balms",1,1
"616",1,1
"leases",1,1
"thrift",1,1
"bankrupt",1,1
"excesses—",1,1
"617",1,1
"you’re",3,2
"“the",1,1
"narrow,”",1,1
"“difficult",1,1
"gate,”",1,1
"“few",1,1
"be”—correct",1,1
"“enter",1,1
"thereat.”",1,1
"costly—so",1,1
"purples",1,1
"discount",1,1
"termed",1,1
"brokers",1,1
"“death”",1,1
"brackets",1,1
"dashes",2,2
"s°8",1,1
"man’s",1,1
"bad",1,1
"jail",1,1
"618",1,1
"tuner",1,1
"captivate",1,1
"slain—",1,1
"hear—",1,1
"admiralty",1,1
"scepter",2,2
"dross",2,2
"thrones",2,2
"unroll",2,2
"dominions",2,2
"dowerless",2,2
"two-stanza",1,1
"spring,”",1,1
"245",1,1
"fragment",3,3
"eighties",2,2
"election",1,1
"ballots",1,1
"disdaining",1,1
"fame’s",2,2
"seeks",1,1
"shuns",1,1
"him—look",1,1
"pursuing",1,1
"aggregate",1,1
"bouquet",1,1
"enigmatical",1,1
"me,’",1,1
"dynasty",1,1
"powerless",2,1
"peer",2,1
"original",1,1
"reality",1,1
"group",1,1
"alternatives",1,1
"material",1,1
"becoming",1,1
"3i°",1,1
"621",1,1
"lassitudes",1,1
"contemplation",1,1
"beget",1,1
"spirit’s",1,1
"refresh",1,1
"consolidate",1,1
"mettle",1,1
"strip",1,1
"twenty-one",1,1
"inches",2,2
"three-quarters",1,1
"x",1,1
"•«",1,1
"k",1,1
"■",2,1
"siwy",1,1
"vc",1,1
"pr*j",1,1
"f",1,1
"tt",1,1
"try^u",1,1
"iyst4",1,1
"v",1,1
"yf",1,1
"margin",1,1
"“why",1,1
"622",2,1
"alsa",1,1
"“extol",1,1
"322",1,1
"molested",1,1
"labors",1,1
"uncertainty",1,1
"besets",1,1
"fragments",3,2
"evening's",1,1
"sabres",1,1
"slain",1,1
"624",1,1
"risksl",1,1
"625",1,1
"tamarind",1,1
"breathes—at",1,1
"hock",1,1
"domains",1,1
"pocket—",1,1
"touching",1,1
"sketch",1,1
"grasses",1,1
"317",1,1
"gi8",1,1
"628",1,1
"decision",1,1
"option",1,1
"whosoever",1,1
"repeal",1,1
"630",1,1
"banc",1,1
"oppressed",1,1
"631",1,1
"632",1,1
"incarcerated",1,1
"267",1,1
"“we",2,2
"8*9",1,1
"showy",1,1
"erect",1,1
"siteless",1,1
"636",1,1
"born—",1,1
"unrelated",1,1
"634",1,1
"635",1,1
"tom-off",1,1
"flap",1,1
"envelope",1,1
"personal",5,3
"cheated",1,1
"grinning",1,1
"unbereft",1,1
"dollie",1,1
"13",1,1
"frightened",1,1
"dollie—mark!—",1,1
"638",1,1
"distrustful",1,1
"fluttering",1,1
"fringes",1,1
"chid",1,1
"dollie”",1,1
"emily's",1,1
"pet",1,1
"unidentified",1,1
"3",2,1
"3*4",1,1
"flees",1,1
"phantom",1,1
"breathless",1,1
"whimpers",1,1
"so—",2,2
"untie",1,1
"whining",1,1
"mat",1,1
"dizzy",1,1
"willing—shall",1,1
"carlo—he’ll",1,1
"“fading",1,1
"“dying,”",1,1
"shroud",1,1
"dash",1,1
"apparently",1,1
"indicates",1,1
"sixties",1,1
"45",1,1
"couplet",1,1
"win,”",1,1
"71",1,1
"“sleep,”",1,1
"proud",1,1
"eyel",1,1
"peacock",1,1
"presumes",1,1
"641",1,1
"permission",1,1
"divulging",1,1
"ravage",1,1
"theirs—",1,1
"katie",1,1
"dispels",1,1
"bring",5,3
"doesn't",1,1
"house—",1,1
"dollie's",2,1
"wait—",1,1
"stair",1,1
"643",1,1
"wondered",1,1
"dial",1,1
"stiller",1,1
"sundown",1,1
"perplexed",1,1
"underneath",1,1
"mold",1,1
"“it’s",1,1
"dolliel”",1,1
"enfold",1,1
"644",1,1
"chivalries",1,1
"planted",1,1
"645",1,1
"apology",2,1
"parliament",1,1
"646",1,1
"647",1,1
"betrothed",1,1
"righteousness",1,1
"relishes",1,1
"pinks",1,1
"brother",1,1
"ingots",1,1
"—ah",1,1
"peru",1,1
"purchased",1,1
"649",1,1
"mr",1,1
"web",1,1
"woven—",1,1
"martyrs’",1,1
"albums",1,1
"650",1,1
"endowing",1,1
"eternally",1,1
"brides",1,1
"permanence",1,1
"supplanting",1,1
"—sent",1,1
"3*8",1,1
"responsibility—",1,1
"imitate",1,1
"blemishless",1,1
"—with",4,3
"652",1,1
"jewels",1,1
"colors",1,1
"vera",1,1
"cruz",1,1
"bahamas",1,1
"flickering",1,1
"matched",1,1
"topaz",1,1
"bobadilla—",1,1
"329",1,1
"pledge",1,1
"plight",1,1
"sainted",1,1
"lane",1,1
"oath",1,1
"tamper",1,1
"aspire",1,1
"stub",1,1
"signed",1,1
"“emily",1,1
"656",1,1
"657",1,1
"lethe",1,1
"fadeless",1,1
"petal",1,1
"beholds",1,1
"jupiter",1,1
"658",1,1
"rhine",1,1
"frankfort",1,1
"cigar",1,1
"bun",1,1
"apricot",1,1
"season’s",1,1
"kinsmanless—",1,1
"brussels",1,1
"kidderminster",1,1
"purse",1,1
"yards",1,1
"mellow",1,1
"composed",1,1
"princip’ly",1,1
"unrolled",1,1
"fast",1,1
"ground—",1,1
"upholst’rer",2,1
"pines",1,1
"662",1,1
"abstemiously",1,1
"sicily",1,1
"33",2,1
"dwelleth",1,1
"metropolis",1,1
"fairness",1,1
"firmament’s—to",1,1
"pluck",1,1
"importunity",1,1
"disparage",1,1
"dismiss",1,1
"obloquies",1,1
"etiquette",1,1
"obsolete",1,1
